source,primary_id,name,version,loader,file,reason,path,length
aeronaftics,advancedperipherals,Advanced Peripherals,0.7.61b,neoforge,AdvancedPeripherals-1.21.1-0.7.61b.jar,already provided by existing FactorMoon mod/jarjar id,C:\Users\teres\.minecraftx\instances\aeronaftics\mods\AdvancedPeripherals-1.21.1-0.7.61b.jar,935498
aeronaftics,aeronautics_bundled,Create Aeronautics,1.0.3,neoforge,create-aeronautics-bundled-1.21.1-1.0.3.jar,already provided by existing FactorMoon mod/jarjar id,C:\Users\teres\.minecraftx\instances\aeronaftics\mods\create-aeronautics-bundled-1.21.1-1.0.3.jar,32945368
aeronaftics,appleskin,AppleSkin,${file.jarVersion},neoforge,appleskin-neoforge-mc1.21-3.0.9.jar,already provided by existing FactorMoon mod/jarjar id,C:\Users\teres\.minecraftx\instances\aeronaftics\mods\appleskin-neoforge-mc1.21-3.0.9.jar,75804
aeronaftics,architectury,Architectury,13.0.8,neoforge,architectury-13.0.8-neoforge.jar,already provided by existing FactorMoon mod/jarjar id,C:\Users\teres\.minecraftx\instances\aeronaftics\mods\architectury-13.0.8-neoforge.jar,584004
aeronaftics,artifacts,Artifacts,13.2.1,neoforge,artifacts-neoforge-13.2.1.jar,already provided by existing FactorMoon mod/jarjar id,C:\Users\teres\.minecraftx\instances\aeronaftics\mods\artifacts-neoforge-13.2.1.jar,1030252
aeronaftics,athena,Athena,4.0.2,neoforge,athena-neoforge-1.21-4.0.2.jar,already provided by existing FactorMoon mod/jarjar id,C:\Users\teres\.minecraftx\instances\aeronaftics\mods\athena-neoforge-1.21-4.0.2.jar,92698
aeronaftics,balm,Balm,21.0.56,neoforge,balm-neoforge-1.21.1-21.0.56.jar,already provided by existing FactorMoon mod/jarjar id,C:\Users\teres\.minecraftx\instances\aeronaftics\mods\balm-neoforge-1.21.1-21.0.56.jar,739709
aeronaftics,bellsandwhistles,Create: Bells & Whistles,0.4.7-1.21.1,neoforge,bellsandwhistles-0.4.7-1.21.1.jar,already provided by existing FactorMoon mod/jarjar id,C:\Users\teres\.minecraftx\instances\aeronaftics\mods\bellsandwhistles-0.4.7-1.21.1.jar,193619
aeronaftics,bookshelf,Bookshelf,21.1.81,neoforge,bookshelf-neoforge-1.21.1-21.1.81.jar,already provided by existing FactorMoon mod/jarjar id,C:\Users\teres\.minecraftx\instances\aeronaftics\mods\bookshelf-neoforge-1.21.1-21.1.81.jar,328813
aeronaftics,chipped,Chipped,4.0.2,neoforge,chipped-neoforge-1.21.1-4.0.2.jar,already provided by existing FactorMoon mod/jarjar id,C:\Users\teres\.minecraftx\instances\aeronaftics\mods\chipped-neoforge-1.21.1-4.0.2.jar,15020578
aeronaftics,cloth_config,Cloth Config v15 API,15.0.140,neoforge,cloth-config-15.0.140-neoforge.jar,already provided by existing FactorMoon mod/jarjar id,C:\Users\teres\.minecraftx\instances\aeronaftics\mods\cloth-config-15.0.140-neoforge.jar,1163890
aeronaftics,colorwheel,Colorwheel,1.2.3+mc1.21.1,neoforge,colorwheel-neoforge-1.2.3%2Bmc1.21.1.jar,already provided by existing FactorMoon mod/jarjar id,C:\Users\teres\.minecraftx\instances\aeronaftics\mods\colorwheel-neoforge-1.2.3%2Bmc1.21.1.jar,376978
aeronaftics,colorwheel_patcher,Colorwheel Patcher,1.0.4+mc1.21.1,neoforge,colorwheel_patcher-neoforge-1.0.4%2Bmc1.21.1.jar,already provided by existing FactorMoon mod/jarjar id,C:\Users\teres\.minecraftx\instances\aeronaftics\mods\colorwheel_patcher-neoforge-1.0.4%2Bmc1.21.1.jar,206773
aeronaftics,comforts,Comforts,9.0.5+1.21.1,neoforge,comforts-neoforge-9.0.5%2B1.21.1.jar,already provided by existing FactorMoon mod/jarjar id,C:\Users\teres\.minecraftx\instances\aeronaftics\mods\comforts-neoforge-9.0.5%2B1.21.1.jar,422658
aeronaftics,computercraft,CC: Tweaked,1.117.1,neoforge,cc-tweaked-1.21.1-forge-1.117.1.jar,already provided by existing FactorMoon mod/jarjar id,C:\Users\teres\.minecraftx\instances\aeronaftics\mods\cc-tweaked-1.21.1-forge-1.117.1.jar,3120277
aeronaftics,controlling,Controlling,19.0.5,neoforge,Controlling-neoforge-1.21.1-19.0.5.jar,already provided by existing FactorMoon mod/jarjar id,C:\Users\teres\.minecraftx\instances\aeronaftics\mods\Controlling-neoforge-1.21.1-19.0.5.jar,77555
aeronaftics,create,Create,6.0.9,neoforge,create-1.21.1-6.0.9.jar,already provided by existing FactorMoon mod/jarjar id,C:\Users\teres\.minecraftx\instances\aeronaftics\mods\create-1.21.1-6.0.9.jar,19019888
aeronaftics,create_aquatic_ambitions,Create Aquatic Ambitions,2.0.2,neoforge,create_aquatic_ambitions-1.21.1-2.0.2.jar,already provided by existing FactorMoon mod/jarjar id,C:\Users\teres\.minecraftx\instances\aeronaftics\mods\create_aquatic_ambitions-1.21.1-2.0.2.jar,1041906
aeronaftics,create_dragons_plus,Create: Dragons Plus,1.8.7,neoforge,create-dragons-plus-1.8.7.jar,already provided by existing FactorMoon mod/jarjar id,C:\Users\teres\.minecraftx\instances\aeronaftics\mods\create-dragons-plus-1.8.7.jar,644935
aeronaftics,create_enchantment_industry,Create: Enchantment Industry,2.3.0,neoforge,create-enchantment-industry-2.3.0.jar,already provided by existing FactorMoon mod/jarjar id,C:\Users\teres\.minecraftx\instances\aeronaftics\mods\create-enchantment-industry-2.3.0.jar,683005
aeronaftics,create_hypertube,Create Hypertube,0.4.0,neoforge,create_hypertube-0.4.0-NEOFORGE.jar,already provided by existing FactorMoon mod/jarjar id,C:\Users\teres\.minecraftx\instances\aeronaftics\mods\create_hypertube-0.4.0-NEOFORGE.jar,422250
aeronaftics,createaddition,Create Crafts & Additions,1.5.10,neoforge,createaddition-1.5.10.jar,already provided by existing FactorMoon mod/jarjar id,C:\Users\teres\.minecraftx\instances\aeronaftics\mods\createaddition-1.5.10.jar,1595173
aeronaftics,curios,Curios API,9.5.1+1.21.1,neoforge,curios-neoforge-9.5.1+1.21.1.jar,already provided by existing FactorMoon mod/jarjar id,C:\Users\teres\.minecraftx\instances\aeronaftics\mods\curios-neoforge-9.5.1+1.21.1.jar,410690
aeronaftics,enchdesc,EnchantmentDescriptions,21.1.9,neoforge,enchdesc-neoforge-1.21.1-21.1.9.jar,already provided by existing FactorMoon mod/jarjar id,C:\Users\teres\.minecraftx\instances\aeronaftics\mods\enchdesc-neoforge-1.21.1-21.1.9.jar,81847
aeronaftics,euphoria_patcher,Euphoria Patcher,1.8.6-r5.7.1-neoforge,neoforge,EuphoriaPatcher-1.8.6-r5.7.1-neoforge.jar,already provided by existing FactorMoon mod/jarjar id,C:\Users\teres\.minecraftx\instances\aeronaftics\mods\EuphoriaPatcher-1.8.6-r5.7.1-neoforge.jar,2773488
aeronaftics,explorerscompass,Explorer's Compass,1.21.1-3.0.3-neoforge,neoforge,ExplorersCompass-1.21.1-3.0.3-neoforge.jar,already provided by existing FactorMoon mod/jarjar id,C:\Users\teres\.minecraftx\instances\aeronaftics\mods\ExplorersCompass-1.21.1-3.0.3-neoforge.jar,159182
aeronaftics,fancymenu,FancyMenu,3.8.1,neoforge,fancymenu_neoforge_3.8.1_MC_1.21.1.jar,already provided by existing FactorMoon mod/jarjar id,C:\Users\teres\.minecraftx\instances\aeronaftics\mods\fancymenu_neoforge_3.8.1_MC_1.21.1.jar,4297501
aeronaftics,farmersdelight,Farmer's Delight,1.2.11,neoforge,FarmersDelight-1.21.1-1.2.11.jar,already provided by existing FactorMoon mod/jarjar id,C:\Users\teres\.minecraftx\instances\aeronaftics\mods\FarmersDelight-1.21.1-1.2.11.jar,2941573
aeronaftics,ferritecore,Ferrite Core,7.0.3,neoforge,ferritecore-7.0.3-neoforge.jar,already provided by existing FactorMoon mod/jarjar id,C:\Users\teres\.minecraftx\instances\aeronaftics\mods\ferritecore-7.0.3-neoforge.jar,121559
aeronaftics,ftblibrary,FTB Library,2101.1.31,neoforge,ftb-library-neoforge-2101.1.31.jar,already provided by existing FactorMoon mod/jarjar id,C:\Users\teres\.minecraftx\instances\aeronaftics\mods\ftb-library-neoforge-2101.1.31.jar,1411181
aeronaftics,ftbquests,FTB Quests,2101.1.24,neoforge,ftb-quests-neoforge-2101.1.24.jar,already provided by existing FactorMoon mod/jarjar id,C:\Users\teres\.minecraftx\instances\aeronaftics\mods\ftb-quests-neoforge-2101.1.24.jar,1466155
aeronaftics,ftbranks,FTB Ranks,2101.1.3,neoforge,ftb-ranks-neoforge-2101.1.3.jar,already provided by existing FactorMoon mod/jarjar id,C:\Users\teres\.minecraftx\instances\aeronaftics\mods\ftb-ranks-neoforge-2101.1.3.jar,88382
aeronaftics,ftbteams,FTB Teams,2101.1.10,neoforge,ftb-teams-neoforge-2101.1.10.jar,already provided by existing FactorMoon mod/jarjar id,C:\Users\teres\.minecraftx\instances\aeronaftics\mods\ftb-teams-neoforge-2101.1.10.jar,302712
aeronaftics,fusion,Fusion,1.2.12,neoforge,fusion-1.2.12-neoforge-mc1.21.1.jar,already provided by existing FactorMoon mod/jarjar id,C:\Users\teres\.minecraftx\instances\aeronaftics\mods\fusion-1.2.12-neoforge-mc1.21.1.jar,532912
aeronaftics,fzzy_config,Fzzy Config,0.7.6+1.21+neoforge,neoforge,fzzy_config-0.7.6+1.21+neoforge.jar,already provided by existing FactorMoon mod/jarjar id,C:\Users\teres\.minecraftx\instances\aeronaftics\mods\fzzy_config-0.7.6+1.21+neoforge.jar,2369895
aeronaftics,geckolib,GeckoLib 4,4.8.4,neoforge,geckolib-neoforge-1.21.1-4.8.4.jar,already provided by existing FactorMoon mod/jarjar id,C:\Users\teres\.minecraftx\instances\aeronaftics\mods\geckolib-neoforge-1.21.1-4.8.4.jar,622582
aeronaftics,handcrafted,Handcrafted,4.0.3,neoforge,handcrafted-neoforge-1.21.1-4.0.3.jar,already provided by existing FactorMoon mod/jarjar id,C:\Users\teres\.minecraftx\instances\aeronaftics\mods\handcrafted-neoforge-1.21.1-4.0.3.jar,7132842
aeronaftics,iceberg,Iceberg,1.3.2,neoforge,Iceberg-1.21.1-neoforge-1.3.2.jar,already provided by existing FactorMoon mod/jarjar id,C:\Users\teres\.minecraftx\instances\aeronaftics\mods\Iceberg-1.21.1-neoforge-1.3.2.jar,213853
aeronaftics,immediatelyfast,ImmediatelyFast,1.6.10+1.21.1,neoforge,ImmediatelyFast-NeoForge-1.6.10+1.21.1.jar,already provided by existing FactorMoon mod/jarjar id,C:\Users\teres\.minecraftx\instances\aeronaftics\mods\ImmediatelyFast-NeoForge-1.6.10+1.21.1.jar,368598
aeronaftics,iris,Iris,1.8.12-snapshot+mc1.21.1-local,neoforge,iris-neoforge-1.8.12+mc1.21.1.jar,already provided by existing FactorMoon mod/jarjar id,C:\Users\teres\.minecraftx\instances\aeronaftics\mods\iris-neoforge-1.8.12+mc1.21.1.jar,2438548
aeronaftics,jade,Jade,${file.jarVersion},neoforge,Jade-1.21.1-NeoForge-15.10.5.jar,already provided by existing FactorMoon mod/jarjar id,C:\Users\teres\.minecraftx\instances\aeronaftics\mods\Jade-1.21.1-NeoForge-15.10.5.jar,725742
aeronaftics,jei,Just Enough Items,19.27.0.340,neoforge,jei-1.21.1-neoforge-19.27.0.340.jar,already provided by existing FactorMoon mod/jarjar id,C:\Users\teres\.minecraftx\instances\aeronaftics\mods\jei-1.21.1-neoforge-19.27.0.340.jar,1529391
aeronaftics,konkrete,Konkrete,1.9.9,neoforge,konkrete_neoforge_1.9.9_MC_1.21.jar,already provided by existing FactorMoon mod/jarjar id,C:\Users\teres\.minecraftx\instances\aeronaftics\mods\konkrete_neoforge_1.9.9_MC_1.21.jar,618842
aeronaftics,kotlinforforge,kotlinforforge-5.11.0-all,,unknown,kotlinforforge-5.11.0-all.jar,already provided by existing FactorMoon mod/jarjar id,C:\Users\teres\.minecraftx\instances\aeronaftics\mods\kotlinforforge-5.11.0-all.jar,6869790
aeronaftics,lithium,Lithium,0.15.2+mc1.21.1,neoforge,lithium-neoforge-0.15.2+mc1.21.1.jar,already provided by existing FactorMoon mod/jarjar id,C:\Users\teres\.minecraftx\instances\aeronaftics\mods\lithium-neoforge-0.15.2+mc1.21.1.jar,773944
aeronaftics,lithostitched,Lithostitched,1.6.5,neoforge,lithostitched-1.6.5-neoforge-21.1.jar,already provided by existing FactorMoon mod/jarjar id,C:\Users\teres\.minecraftx\instances\aeronaftics\mods\lithostitched-1.6.5-neoforge-21.1.jar,793877
aeronaftics,lootr,Lootr,1.21.1-1.11.37.118,neoforge,lootr-neoforge-1.21.1-1.11.37.118.jar,already provided by existing FactorMoon mod/jarjar id,C:\Users\teres\.minecraftx\instances\aeronaftics\mods\lootr-neoforge-1.21.1-1.11.37.118.jar,970642
aeronaftics,melody,Melody,1.0.10,neoforge,melody_neoforge_1.0.10_MC_1.21.jar,already provided by existing FactorMoon mod/jarjar id,C:\Users\teres\.minecraftx\instances\aeronaftics\mods\melody_neoforge_1.0.10_MC_1.21.jar,36096
aeronaftics,modernfix,ModernFix,5.26.1+mc1.21.1,neoforge,modernfix-neoforge-5.26.1%2Bmc1.21.1.jar,already provided by existing FactorMoon mod/jarjar id,C:\Users\teres\.minecraftx\instances\aeronaftics\mods\modernfix-neoforge-5.26.1%2Bmc1.21.1.jar,498852
aeronaftics,moonlight,Moonlight Lib,1.21-2.29.29,neoforge,moonlight-1.21-2.29.29-neoforge.jar,already provided by existing FactorMoon mod/jarjar id,C:\Users\teres\.minecraftx\instances\aeronaftics\mods\moonlight-1.21-2.29.29-neoforge.jar,1596662
aeronaftics,morered,More Red,${file.jarVersion},neoforge,morered-1.21.1-6.0.0.3.jar,already provided by existing FactorMoon mod/jarjar id,C:\Users\teres\.minecraftx\instances\aeronaftics\mods\morered-1.21.1-6.0.0.3.jar,535669
aeronaftics,moreredxcctcompat,More Red x CC:Tweaked Compat,1.21.1-1.3.0,neoforge,MoreRed-CCT-Compat-1.21.1-1.3.0.jar,already provided by existing FactorMoon mod/jarjar id,C:\Users\teres\.minecraftx\instances\aeronaftics\mods\MoreRed-CCT-Compat-1.21.1-1.3.0.jar,7312
aeronaftics,mousetweaks,Mouse Tweaks,2.26.1,neoforge,MouseTweaks-neoforge-mc1.21-2.26.1.jar,already provided by existing FactorMoon mod/jarjar id,C:\Users\teres\.minecraftx\instances\aeronaftics\mods\MouseTweaks-neoforge-mc1.21-2.26.1.jar,73938
aeronaftics,naturescompass,Nature's Compass,1.21.1-3.0.2-neoforge,neoforge,NaturesCompass-1.21.1-3.0.3-neoforge.jar,already provided by existing FactorMoon mod/jarjar id,C:\Users\teres\.minecraftx\instances\aeronaftics\mods\NaturesCompass-1.21.1-3.0.3-neoforge.jar,216873
aeronaftics,netherportalfix,NetherPortalFix,21.1.1,neoforge,netherportalfix-neoforge-1.21.1-21.1.1.jar,already provided by existing FactorMoon mod/jarjar id,C:\Users\teres\.minecraftx\instances\aeronaftics\mods\netherportalfix-neoforge-1.21.1-21.1.1.jar,211972
aeronaftics,notenoughanimations,NotEnoughAnimations,1.12.0,forge,notenoughanimations-neoforge-1.12.0-mc1.21.1.jar,already provided by existing FactorMoon mod/jarjar id,C:\Users\teres\.minecraftx\instances\aeronaftics\mods\notenoughanimations-neoforge-1.12.0-mc1.21.1.jar,1932791
aeronaftics,owo,oωo,0.12.15.5-beta.1+1.21,neoforge,owo-lib-neoforge-0.12.15.5-beta.1+1.21.jar,already provided by existing FactorMoon mod/jarjar id,C:\Users\teres\.minecraftx\instances\aeronaftics\mods\owo-lib-neoforge-0.12.15.5-beta.1+1.21.jar,1221583
aeronaftics,patchouli,Patchouli,${file.jarVersion},neoforge,Patchouli-1.21.1-93-NEOFORGE.jar,already provided by existing FactorMoon mod/jarjar id,C:\Users\teres\.minecraftx\instances\aeronaftics\mods\Patchouli-1.21.1-93-NEOFORGE.jar,646777
aeronaftics,pneumaticcraft,PneumaticCraft: Repressurized,8.2.19,neoforge,pneumaticcraft-repressurized-8.2.19%2Bmc1.21.1.jar,already provided by existing FactorMoon mod/jarjar id,C:\Users\teres\.minecraftx\instances\aeronaftics\mods\pneumaticcraft-repressurized-8.2.19%2Bmc1.21.1.jar,11780404
aeronaftics,prickle,PrickleMC,21.1.11,neoforge,prickle-neoforge-1.21.1-21.1.11.jar,already provided by existing FactorMoon mod/jarjar id,C:\Users\teres\.minecraftx\instances\aeronaftics\mods\prickle-neoforge-1.21.1-21.1.11.jar,84812
aeronaftics,rechiseled,Rechiseled,1.2.4,neoforge,rechiseled-1.2.4-neoforge-mc1.21.jar,already provided by existing FactorMoon mod/jarjar id,C:\Users\teres\.minecraftx\instances\aeronaftics\mods\rechiseled-1.2.4-neoforge-mc1.21.jar,11488067
aeronaftics,rechiseledcreate,Rechiseled: Create,1.1.0,neoforge,rechiseledcreate-1.1.0-neoforge-mc1.21.jar,already provided by existing FactorMoon mod/jarjar id,C:\Users\teres\.minecraftx\instances\aeronaftics\mods\rechiseledcreate-1.1.0-neoforge-mc1.21.jar,981192
aeronaftics,reliquary,Reliquary Reincarnations,2.0.66,neoforge,reliquary-1.21.1-2.0.66.1363.jar,already provided by existing FactorMoon mod/jarjar id,C:\Users\teres\.minecraftx\instances\aeronaftics\mods\reliquary-1.21.1-2.0.66.1363.jar,2214551
aeronaftics,repurposed_structures,Repurposed Structures,7.5.18+1.21.1-neoforge,neoforge,repurposed_structures-7.5.18%2B1.21.1-neoforge.jar,already provided by existing FactorMoon mod/jarjar id,C:\Users\teres\.minecraftx\instances\aeronaftics\mods\repurposed_structures-7.5.18%2B1.21.1-neoforge.jar,8238563
aeronaftics,resourcefulconfig,Resourcefulconfig,3.0.11,neoforge,resourcefulconfig-neoforge-1.21-3.0.11.jar,already provided by existing FactorMoon mod/jarjar id,C:\Users\teres\.minecraftx\instances\aeronaftics\mods\resourcefulconfig-neoforge-1.21-3.0.11.jar,341009
aeronaftics,resourcefullib,Resourceful Lib,3.0.12,neoforge,resourcefullib-neoforge-1.21-3.0.12.jar,already provided by existing FactorMoon mod/jarjar id,C:\Users\teres\.minecraftx\instances\aeronaftics\mods\resourcefullib-neoforge-1.21-3.0.12.jar,484332
aeronaftics,sable,Sable,1.0.6,neoforge,sable-neoforge-1.21.1-1.0.6.jar,already provided by existing FactorMoon mod/jarjar id,C:\Users\teres\.minecraftx\instances\aeronaftics\mods\sable-neoforge-1.21.1-1.0.6.jar,24729558
aeronaftics,searchables,Searchables,1.0.2,neoforge,Searchables-neoforge-1.21.1-1.0.2.jar,already provided by existing FactorMoon mod/jarjar id,C:\Users\teres\.minecraftx\instances\aeronaftics\mods\Searchables-neoforge-1.21.1-1.0.2.jar,77326
aeronaftics,sodium,Sodium,0.6.13+mc1.21.1,neoforge,sodium-neoforge-0.6.13+mc1.21.1.jar,already provided by existing FactorMoon mod/jarjar id,C:\Users\teres\.minecraftx\instances\aeronaftics\mods\sodium-neoforge-0.6.13+mc1.21.1.jar,1162994
aeronaftics,sophisticatedbackpacks,Sophisticated Backpacks,3.25.37,neoforge,sophisticatedbackpacks-1.21.1-3.25.37.1646.jar,already provided by existing FactorMoon mod/jarjar id,C:\Users\teres\.minecraftx\instances\aeronaftics\mods\sophisticatedbackpacks-1.21.1-3.25.37.1646.jar,1018662
aeronaftics,sophisticatedcore,Sophisticated Core,1.4.20,neoforge,sophisticatedcore-1.21.1-1.4.20.1646.jar,already provided by existing FactorMoon mod/jarjar id,C:\Users\teres\.minecraftx\instances\aeronaftics\mods\sophisticatedcore-1.21.1-1.4.20.1646.jar,1472335
aeronaftics,sophisticatedstorage,Sophisticated Storage,1.5.35,neoforge,sophisticatedstorage-1.21.1-1.5.35.1599.jar,already provided by existing FactorMoon mod/jarjar id,C:\Users\teres\.minecraftx\instances\aeronaftics\mods\sophisticatedstorage-1.21.1-1.5.35.1599.jar,1659741
aeronaftics,sophisticatedstoragecreateintegration,Sophisticated Storage Create Integration,0.1.14,neoforge,sophisticatedstoragecreateintegration-1.21.1-0.1.14.98.jar,already provided by existing FactorMoon mod/jarjar id,C:\Users\teres\.minecraftx\instances\aeronaftics\mods\sophisticatedstoragecreateintegration-1.21.1-0.1.14.98.jar,131980
aeronaftics,spark,spark,1.10.124,neoforge,spark-1.10.124-neoforge.jar,already provided by existing FactorMoon mod/jarjar id,C:\Users\teres\.minecraftx\instances\aeronaftics\mods\spark-1.10.124-neoforge.jar,3642581
aeronaftics,supermartijn642configlib,SuperMartijn642's Config Library,1.1.8,neoforge,supermartijn642configlib-1.1.8-neoforge-mc1.21.jar,already provided by existing FactorMoon mod/jarjar id,C:\Users\teres\.minecraftx\instances\aeronaftics\mods\supermartijn642configlib-1.1.8-neoforge-mc1.21.jar,207514
aeronaftics,supermartijn642corelib,SuperMartijn642's Core Lib,1.1.21,neoforge,supermartijn642corelib-1.1.21-neoforge-mc1.21.jar,already provided by existing FactorMoon mod/jarjar id,C:\Users\teres\.minecraftx\instances\aeronaftics\mods\supermartijn642corelib-1.1.21-neoforge-mc1.21.jar,558371
aeronaftics,veil,Veil,3.6.1,neoforge,veil-neoforge-1.21.1-3.6.1.jar,already provided by existing FactorMoon mod/jarjar id,C:\Users\teres\.minecraftx\instances\aeronaftics\mods\veil-neoforge-1.21.1-3.6.1.jar,15174346
aeronaftics,waystones,Waystones,21.1.29,neoforge,waystones-neoforge-1.21.1-21.1.29.jar,already provided by existing FactorMoon mod/jarjar id,C:\Users\teres\.minecraftx\instances\aeronaftics\mods\waystones-neoforge-1.21.1-21.1.29.jar,876329
aeronaftics,yet_another_config_lib_v3,YetAnotherConfigLib,3.8.2+1.21.1-neoforge,neoforge,yet_another_config_lib_v3-3.8.2%2B1.21.1-neoforge.jar,already provided by existing FactorMoon mod/jarjar id,C:\Users\teres\.minecraftx\instances\aeronaftics\mods\yet_another_config_lib_v3-3.8.2%2B1.21.1-neoforge.jar,1118651
aeronaftics,yungsapi,YUNG's API,1.21.1-NeoForge-5.1.6,neoforge,YungsApi-1.21.1-NeoForge-5.1.6.jar,already provided by existing FactorMoon mod/jarjar id,C:\Users\teres\.minecraftx\instances\aeronaftics\mods\YungsApi-1.21.1-NeoForge-5.1.6.jar,388678
