source,primary_id,name,version,loader,file,weapon_suspect,category,path,length
aeronaftics,accelerateddecay,Accelerated Decay,21.0.0,neoforge,accelerated-decay-neoforge-21.0.0.jar,no,,C:\Users\teres\.minecraftx\instances\aeronaftics\mods\accelerated-decay-neoforge-21.0.0.jar,10478
aeronaftics,actuallyadditions,Actually Additions,1.3.25,neoforge,actuallyadditions-1.3.25%2Bmc1.21.1.jar,no,,C:\Users\teres\.minecraftx\instances\aeronaftics\mods\actuallyadditions-1.3.25%2Bmc1.21.1.jar,3215755
aeronaftics,additional_lights,Additional Lights,2.1.10,neoforge,additional_lights-neoforge-1.21-2.1.10.jar,no,,C:\Users\teres\.minecraftx\instances\aeronaftics\mods\additional_lights-neoforge-1.21-2.1.10.jar,514194
aeronaftics,advanced_ae,Advanced AE,1.6.11-1.21.1,neoforge,AdvancedAE-1.6.11-1.21.1.jar,no,,C:\Users\teres\.minecraftx\instances\aeronaftics\mods\AdvancedAE-1.6.11-1.21.1.jar,4797100
aeronaftics,ae2,Applied Energistics 2,19.2.17,neoforge,appliedenergistics2-19.2.17.jar,no,,C:\Users\teres\.minecraftx\instances\aeronaftics\mods\appliedenergistics2-19.2.17.jar,8230896
aeronaftics,ae2ct,AE2:Crafting Tree,1.21.1-1.1.1,neoforge,ae2ct-1.21.1-1.1.1.jar,no,,C:\Users\teres\.minecraftx\instances\aeronaftics\mods\ae2ct-1.21.1-1.1.1.jar,437906
aeronaftics,ae2importexportcard,AE2 Import Export Card,1.21.1-1.4.3,neoforge,ae2importexportcard-1.21.1-1.4.3.jar,no,,C:\Users\teres\.minecraftx\instances\aeronaftics\mods\ae2importexportcard-1.21.1-1.4.3.jar,190861
aeronaftics,ae2jeiintegration,AE2 JEI Integration,1.2.1,neoforge,ae2jeiintegration-1.2.1.jar,no,,C:\Users\teres\.minecraftx\instances\aeronaftics\mods\ae2jeiintegration-1.2.1.jar,91710
aeronaftics,ae2netanalyser,AE2NetworkAnalyzer,1.21-2.1.5-neoforge,neoforge,AE2NetworkAnalyzer-1.21-2.1.5-neoforge.jar,no,,C:\Users\teres\.minecraftx\instances\aeronaftics\mods\AE2NetworkAnalyzer-1.21-2.1.5-neoforge.jar,1686091
aeronaftics,ae2wtlib,AE2WTLib,19.4.1,neoforge,ae2wtlib-19.4.1.jar,no,,C:\Users\teres\.minecraftx\instances\aeronaftics\mods\ae2wtlib-19.4.1.jar,242235
aeronaftics,aeinfinitybooster,AEInfinityBooster,1.21.1-1.0.0.54,neoforge,aeinfinitybooster-neoforge-1.21.1-1.0.0.54.jar,no,,C:\Users\teres\.minecraftx\instances\aeronaftics\mods\aeinfinitybooster-neoforge-1.21.1-1.0.0.54.jar,30409
aeronaftics,aether,The Aether,1.5.10,neoforge,aether-1.21.1-1.5.10-neoforge.jar,no,,C:\Users\teres\.minecraftx\instances\aeronaftics\mods\aether-1.21.1-1.5.10-neoforge.jar,40223909
aeronaftics,aiimprovements,AI-Improvements,${file.jarVersion},neoforge,AI-Improvements-1.21-0.5.3.jar,no,,C:\Users\teres\.minecraftx\instances\aeronaftics\mods\AI-Improvements-1.21-0.5.3.jar,28984
aeronaftics,akashictome,Akashic Tome,${file.jarVersion},neoforge,AkashicTome-1.8-30.jar,no,,C:\Users\teres\.minecraftx\instances\aeronaftics\mods\AkashicTome-1.8-30.jar,50256
aeronaftics,allthearcanistgear,All The Arcanist Gear,1.21.1-21.3.2,neoforge,allthearcanistgear-1.21.1-21.3.2.jar,no,,C:\Users\teres\.minecraftx\instances\aeronaftics\mods\allthearcanistgear-1.21.1-21.3.2.jar,375904
aeronaftics,allthecompressed,AllTheCompressed,4.4.0,neoforge,allthecompressed-1.21.1-4.4.0.jar,no,,C:\Users\teres\.minecraftx\instances\aeronaftics\mods\allthecompressed-1.21.1-4.4.0.jar,5901446
aeronaftics,alltheleaks,All The Leaks,1.1.7+1.21.1-neoforge,neoforge,alltheleaks-1.1.7+1.21.1-neoforge.jar,no,,C:\Users\teres\.minecraftx\instances\aeronaftics\mods\alltheleaks-1.1.7+1.21.1-neoforge.jar,536829
aeronaftics,allthemodium,Allthemodium,3.0.0,neoforge,allthemodium-3.0.0_mc_1.21.1.jar,no,,C:\Users\teres\.minecraftx\instances\aeronaftics\mods\allthemodium-3.0.0_mc_1.21.1.jar,1912511
aeronaftics,alltheores,AllTheOres,3.2.0,neoforge,alltheores-3.2.0_neoforge_1.21.1.jar,no,,C:\Users\teres\.minecraftx\instances\aeronaftics\mods\alltheores-3.2.0_neoforge_1.21.1.jar,1645297
aeronaftics,allthetweaks,AllTheTweaks,2.9.2,neoforge,allthetweaks-1.21.1-2.9.2.jar,no,,C:\Users\teres\.minecraftx\instances\aeronaftics\mods\allthetweaks-1.21.1-2.9.2.jar,4917180
aeronaftics,allthewizardgear,All the Wizard Gear,1.21.1-1.1.12,neoforge,allthewizardgear-1.21.1-1.1.12.jar,no,,C:\Users\teres\.minecraftx\instances\aeronaftics\mods\allthewizardgear-1.21.1-1.1.12.jar,111938
aeronaftics,almostunified,AlmostUnified,1.21.1-1.4.1,neoforge,almostunified-neoforge-1.21.1-1.4.1.jar,no,,C:\Users\teres\.minecraftx\instances\aeronaftics\mods\almostunified-neoforge-1.21.1-1.4.1.jar,295072
aeronaftics,amendments,Amendments,1.21-2.0.15,neoforge,amendments-1.21-2.0.15-neoforge.jar,no,,C:\Users\teres\.minecraftx\instances\aeronaftics\mods\amendments-1.21-2.0.15-neoforge.jar,1143659
aeronaftics,apotheosis,Apotheosis,8.5.2,neoforge,Apotheosis-1.21.1-8.5.2.jar,no,,C:\Users\teres\.minecraftx\instances\aeronaftics\mods\Apotheosis-1.21.1-8.5.2.jar,6964172
aeronaftics,apothic_attributes,Apothic Attributes,2.9.1,neoforge,ApothicAttributes-1.21.1-2.9.1.jar,no,,C:\Users\teres\.minecraftx\instances\aeronaftics\mods\ApothicAttributes-1.21.1-2.9.1.jar,314269
aeronaftics,apothic_enchanting,Apothic Enchanting,1.5.2,neoforge,ApothicEnchanting-1.21.1-1.5.2.jar,no,,C:\Users\teres\.minecraftx\instances\aeronaftics\mods\ApothicEnchanting-1.21.1-1.5.2.jar,5350906
aeronaftics,apothic_spawners,Apothic Spawners,1.3.4,neoforge,ApothicSpawners-1.21.1-1.3.4.jar,no,,C:\Users\teres\.minecraftx\instances\aeronaftics\mods\ApothicSpawners-1.21.1-1.3.4.jar,125015
aeronaftics,appflux,AppliedFlux,1.21-2.1.4-neoforge,neoforge,AppliedFlux-1.21-2.1.4-neoforge.jar,no,,C:\Users\teres\.minecraftx\instances\aeronaftics\mods\AppliedFlux-1.21-2.1.4-neoforge.jar,337796
aeronaftics,appmek,Applied Mekanistics,1.6.3,neoforge,Applied-Mekanistics-1.6.3.jar,no,,C:\Users\teres\.minecraftx\instances\aeronaftics\mods\Applied-Mekanistics-1.6.3.jar,149709
aeronaftics,aquaculture,Aquaculture 2,2.7.19,neoforge,Aquaculture-1.21.1-2.7.19.jar,no,,C:\Users\teres\.minecraftx\instances\aeronaftics\mods\Aquaculture-1.21.1-2.7.19.jar,605954
aeronaftics,ars_additions,Ars Additions,1.21.1-21.3.0,neoforge,ars_additions-1.21.1-21.3.0.jar,no,,C:\Users\teres\.minecraftx\instances\aeronaftics\mods\ars_additions-1.21.1-21.3.0.jar,1458261
aeronaftics,ars_controle,Ars Controle,1.21.1-1.6.15,neoforge,ars_controle-1.21.1-1.6.15.jar,no,,C:\Users\teres\.minecraftx\instances\aeronaftics\mods\ars_controle-1.21.1-1.6.15.jar,316368
aeronaftics,ars_creo,Ars Creo,${file.jarVersion},neoforge,ars_creo-1.21.1-5.2.0.jar,no,,C:\Users\teres\.minecraftx\instances\aeronaftics\mods\ars_creo-1.21.1-5.2.0.jar,74550
aeronaftics,ars_elemancy,Ars Elemancy,${file.jarVersion},neoforge,ars_elemancy-1.21.1-1.16.jar,no,,C:\Users\teres\.minecraftx\instances\aeronaftics\mods\ars_elemancy-1.21.1-1.16.jar,767615
aeronaftics,ars_elemental,Ars Elemental,${file.jarVersion},neoforge,ars_elemental-1.21.1-0.7.9_beta.jar,no,,C:\Users\teres\.minecraftx\instances\aeronaftics\mods\ars_elemental-1.21.1-0.7.9_beta.jar,2293304
aeronaftics,ars_nouveau,Ars Nouveau,${file.jarVersion},neoforge,ars_nouveau-1.21.1-5.11.3.jar,no,,C:\Users\teres\.minecraftx\instances\aeronaftics\mods\ars_nouveau-1.21.1-5.11.3.jar,20689115
aeronaftics,ars_ocultas,Ars Ocultas,2.4.0,neoforge,ars_ocultas-1.21.1-2.4.0.jar,no,,C:\Users\teres\.minecraftx\instances\aeronaftics\mods\ars_ocultas-1.21.1-2.4.0.jar,78505
aeronaftics,ars_polymorphia,Ars Polymorphia,1.0.3,neoforge,ars_polymorphia-1.0.3.jar,no,,C:\Users\teres\.minecraftx\instances\aeronaftics\mods\ars_polymorphia-1.0.3.jar,20201
aeronaftics,ars_technica,Ars Technica,2.7.6,neoforge,ars_technica-1.21.1-2.7.6.jar,no,,C:\Users\teres\.minecraftx\instances\aeronaftics\mods\ars_technica-1.21.1-2.7.6.jar,3691171
aeronaftics,ars_unification,Ars Unification,1.2.18,neoforge,ars_unification-1.2.18.jar,no,,C:\Users\teres\.minecraftx\instances\aeronaftics\mods\ars_unification-1.2.18.jar,105429
aeronaftics,arseng,Ars Énergistique,2.1.1-beta,neoforge,arseng-2.1.1-beta.jar,no,,C:\Users\teres\.minecraftx\instances\aeronaftics\mods\arseng-2.1.1-beta.jar,123229
aeronaftics,atlas_api,Atlas API,1.21.1-1.2.0,neoforge,atlas_api-1.21.1-1.2.0.jar,no,,C:\Users\teres\.minecraftx\instances\aeronaftics\mods\atlas_api-1.21.1-1.2.0.jar,28419
aeronaftics,attributefix,AttributeFix,21.1.3,neoforge,attributefix-neoforge-1.21.1-21.1.3.jar,no,,C:\Users\teres\.minecraftx\instances\aeronaftics\mods\attributefix-neoforge-1.21.1-21.1.3.jar,19809
aeronaftics,auroras,Auroras,1.6.2,neoforge,Auroras-1.21-1.6.2.jar,no,,C:\Users\teres\.minecraftx\instances\aeronaftics\mods\Auroras-1.21-1.6.2.jar,2116122
aeronaftics,bcc,Better Compatibility Checker,21.1.8,neoforge,better-compatability-checker-neoforge-21.1.8.jar,no,,C:\Users\teres\.minecraftx\instances\aeronaftics\mods\better-compatability-checker-neoforge-21.1.8.jar,25085
aeronaftics,betteradvancements,Better Advancements,0.4.3.21,neoforge,BetterAdvancements-NeoForge-1.21.1-0.4.3.21.jar,no,,C:\Users\teres\.minecraftx\instances\aeronaftics\mods\BetterAdvancements-NeoForge-1.21.1-0.4.3.21.jar,98641
aeronaftics,betterdeserttemples,YUNG's Better Desert Temples,1.21.1-NeoForge-4.1.5,neoforge,YungsBetterDesertTemples-1.21.1-NeoForge-4.1.5.jar,no,,C:\Users\teres\.minecraftx\instances\aeronaftics\mods\YungsBetterDesertTemples-1.21.1-NeoForge-4.1.5.jar,905839
aeronaftics,betterdungeons,YUNG's Better Dungeons,1.21.1-NeoForge-5.1.4,neoforge,YungsBetterDungeons-1.21.1-NeoForge-5.1.4.jar,no,,C:\Users\teres\.minecraftx\instances\aeronaftics\mods\YungsBetterDungeons-1.21.1-NeoForge-5.1.4.jar,782160
aeronaftics,betterendisland,YUNG's Better End Island,1.21.1-NeoForge-3.1.2,neoforge,YungsBetterEndIsland-1.21.1-NeoForge-3.1.2.jar,no,,C:\Users\teres\.minecraftx\instances\aeronaftics\mods\YungsBetterEndIsland-1.21.1-NeoForge-3.1.2.jar,398130
aeronaftics,betterfortresses,YUNG's Better Nether Fortresses,1.21.1-NeoForge-3.1.5,neoforge,YungsBetterNetherFortresses-1.21.1-NeoForge-3.1.5.jar,no,,C:\Users\teres\.minecraftx\instances\aeronaftics\mods\YungsBetterNetherFortresses-1.21.1-NeoForge-3.1.5.jar,609639
aeronaftics,betterjungletemples,YUNG's Better Jungle Temples,1.21.1-NeoForge-3.1.2,neoforge,YungsBetterJungleTemples-1.21.1-NeoForge-3.1.2.jar,no,,C:\Users\teres\.minecraftx\instances\aeronaftics\mods\YungsBetterJungleTemples-1.21.1-NeoForge-3.1.2.jar,795839
aeronaftics,bettermineshafts,YUNG's Better Mineshafts,1.21.1-NeoForge-5.1.1,neoforge,YungsBetterMineshafts-1.21.1-NeoForge-5.1.1.jar,no,,C:\Users\teres\.minecraftx\instances\aeronaftics\mods\YungsBetterMineshafts-1.21.1-NeoForge-5.1.1.jar,493967
aeronaftics,betteroceanmonuments,YUNG's Better Ocean Monuments,1.21.1-NeoForge-4.1.2,neoforge,YungsBetterOceanMonuments-1.21.1-NeoForge-4.1.2.jar,no,,C:\Users\teres\.minecraftx\instances\aeronaftics\mods\YungsBetterOceanMonuments-1.21.1-NeoForge-4.1.2.jar,1025571
aeronaftics,betterstrongholds,YUNG's Better Strongholds,1.21.1-NeoForge-5.1.3,neoforge,YungsBetterStrongholds-1.21.1-NeoForge-5.1.3.jar,no,,C:\Users\teres\.minecraftx\instances\aeronaftics\mods\YungsBetterStrongholds-1.21.1-NeoForge-5.1.3.jar,461244
aeronaftics,betterwitchhuts,YUNG's Better Witch Huts,1.21.1-NeoForge-4.1.1,neoforge,YungsBetterWitchHuts-1.21.1-NeoForge-4.1.1.jar,no,,C:\Users\teres\.minecraftx\instances\aeronaftics\mods\YungsBetterWitchHuts-1.21.1-NeoForge-4.1.1.jar,174789
aeronaftics,bhc,Baubley Heart Canisters,1.21.1-1.4.0,neoforge,baubley-heart-canisters-1.21.1-1.4.0.jar,no,,C:\Users\teres\.minecraftx\instances\aeronaftics\mods\baubley-heart-canisters-1.21.1-1.4.0.jar,177638
aeronaftics,bibliobiomes,Bibliobiomes Legacy,1.6.1,neoforge,bibliobiomes-1.21.1-1.6.1.jar,no,,C:\Users\teres\.minecraftx\instances\aeronaftics\mods\bibliobiomes-1.21.1-1.6.1.jar,20181755
aeronaftics,bibliocraft,Bibliocraft Legacy,1.6.5,neoforge,bibliocraft-1.21.1-1.6.5.jar,no,,C:\Users\teres\.minecraftx\instances\aeronaftics\mods\bibliocraft-1.21.1-1.6.5.jar,5471083
aeronaftics,bibliowoods,Bibliowoods Legacy,1.6.2,neoforge,bibliowoods-1.21.1-1.6.2.jar,no,,C:\Users\teres\.minecraftx\instances\aeronaftics\mods\bibliowoods-1.21.1-1.6.2.jar,23234306
aeronaftics,big_cannons_aeronautics_fix,Big Cannons Aeronautics Fix,0.1-Alpha,neoforge,big_cannons_aeronautics_fix-0.1-Alpha.jar,yes,,C:\Users\teres\.minecraftx\instances\aeronaftics\mods\big_cannons_aeronautics_fix-0.1-Alpha.jar,640145
aeronaftics,bigreactors,Extreme Reactors,1.21.1-2.4.28,neoforge,ExtremeReactors2-1.21.1-2.4.28.jar,no,,C:\Users\teres\.minecraftx\instances\aeronaftics\mods\ExtremeReactors2-1.21.1-2.4.28.jar,2554779
aeronaftics,biomeswevegone,Oh The Biomes We've Gone,2.5.5,neoforge,Oh-The-Biomes-Weve-Gone-NeoForge-2.5.5.jar,no,,C:\Users\teres\.minecraftx\instances\aeronaftics\mods\Oh-The-Biomes-Weve-Gone-NeoForge-2.5.5.jar,20759732
aeronaftics,blockui,UI Library Mod,1.0.211-1.21.1-snapshot,neoforge,blockui-1.0.211-1.21.1-snapshot.jar,no,,C:\Users\teres\.minecraftx\instances\aeronaftics\mods\blockui-1.0.211-1.21.1-snapshot.jar,468147
aeronaftics,blueflame,Blue Flame Burning,1.21.1-1.1.1,neoforge,blueflame-1.21.1-1.1.1.jar,no,,C:\Users\teres\.minecraftx\instances\aeronaftics\mods\blueflame-1.21.1-1.1.1.jar,17921
aeronaftics,botanypots,BotanyPots,21.1.41,neoforge,botanypots-neoforge-1.21.1-21.1.41.jar,no,,C:\Users\teres\.minecraftx\instances\aeronaftics\mods\botanypots-neoforge-1.21.1-21.1.41.jar,1065153
aeronaftics,botanypotsmystical,BotanyPots-Mystical,21.1.11,neoforge,botanypotsmystical-neoforge-1.21.1-21.1.11.jar,no,,C:\Users\teres\.minecraftx\instances\aeronaftics\mods\botanypotsmystical-neoforge-1.21.1-21.1.11.jar,89375
aeronaftics,botanytrees,BotanyTrees,21.1.3,neoforge,botanytrees-neoforge-1.21.1-21.1.3.jar,no,,C:\Users\teres\.minecraftx\instances\aeronaftics\mods\botanytrees-neoforge-1.21.1-21.1.3.jar,20389
aeronaftics,brandonscore,Brandon's Core,3.2.1.309,neoforge,BrandonsCore-1.21.1-3.2.1.309.jar,no,,C:\Users\teres\.minecraftx\instances\aeronaftics\mods\BrandonsCore-1.21.1-3.2.1.309.jar,1385131
aeronaftics,bridgingmod,Bridging Mod,2.6.2+1.21.1,neoforge,BridgingMod-2.6.2+1.21.1.neoforge-release.jar,no,,C:\Users\teres\.minecraftx\instances\aeronaftics\mods\BridgingMod-2.6.2+1.21.1.neoforge-release.jar,5924051
aeronaftics,buildinggadgets2,Building Gadgets 2,1.3.9,neoforge,buildinggadgets2-1.3.9.jar,no,,C:\Users\teres\.minecraftx\instances\aeronaftics\mods\buildinggadgets2-1.3.9.jar,3858597
aeronaftics,bwncr,Bad Wither No Cookie Reloaded,${file.jarVersion},neoforge,bwncr-neoforge-1.21.1-3.20.3.jar,no,,C:\Users\teres\.minecraftx\instances\aeronaftics\mods\bwncr-neoforge-1.21.1-3.20.3.jar,27537
aeronaftics,byzantine,Byzantine,48,forge,Byzantine-1.21.1-48.jar,no,,C:\Users\teres\.minecraftx\instances\aeronaftics\mods\Byzantine-1.21.1-48.jar,15366705
aeronaftics,cabletiers,Cable Tiers,1.21.1-0.6.11,neoforge,cabletiers-neoforge-1.21.1-0.6.11.jar,no,,C:\Users\teres\.minecraftx\instances\aeronaftics\mods\cabletiers-neoforge-1.21.1-0.6.11.jar,1442708
aeronaftics,caelus,Caelus API,7.0.1+1.21.1,neoforge,caelus-neoforge-7.0.1+1.21.1.jar,no,,C:\Users\teres\.minecraftx\instances\aeronaftics\mods\caelus-neoforge-7.0.1+1.21.1.jar,50235
aeronaftics,camol,Camol,1.21.1-0.3.0,neoforge,camol-1.21.1-0.3.0.jar,no,,C:\Users\teres\.minecraftx\instances\aeronaftics\mods\camol-1.21.1-0.3.0.jar,61522
aeronaftics,cataclysm,L_Ender's Cataclysm 1.21.1,3.26,neoforge,L_Ender's Cataclysm 1.21.1-3.26.jar,no,,C:\Users\teres\.minecraftx\instances\aeronaftics\mods\L_Ender's Cataclysm 1.21.1-3.26.jar,73346508
aeronaftics,catjammies,CatJammies,${file.jarVersion},neoforge,catjammies-1.21-1.7.1.jar,no,,C:\Users\teres\.minecraftx\instances\aeronaftics\mods\catjammies-1.21-1.7.1.jar,8784
aeronaftics,charginggadgets,Charging Gadgets,1.14.1,neoforge,charginggadgets-1.14.1.jar,no,,C:\Users\teres\.minecraftx\instances\aeronaftics\mods\charginggadgets-1.14.1.jar,67206
aeronaftics,chisel,Chisel Reborn,2.0.0+mc1.21.1,neoforge,chisel-neoforge-2.0.0+mc1.21.1.jar,no,,C:\Users\teres\.minecraftx\instances\aeronaftics\mods\chisel-neoforge-2.0.0+mc1.21.1.jar,8268409
aeronaftics,chromacarvings,Chroma Carvings,1.21.1-0.2.0,neoforge,chromacarvings-1.21.1-0.2.0.jar,no,,C:\Users\teres\.minecraftx\instances\aeronaftics\mods\chromacarvings-1.21.1-0.2.0.jar,268974
aeronaftics,cleanswing,Clean Swing,1.9,neoforge,cleanswing-1.9.jar,no,,C:\Users\teres\.minecraftx\instances\aeronaftics\mods\cleanswing-1.9.jar,8449
aeronaftics,cloudglass,Cloud Glass,${file.jarVersion},neoforge,CloudGlass-1.21.1-1.0.1.jar,no,,C:\Users\teres\.minecraftx\instances\aeronaftics\mods\CloudGlass-1.21.1-1.0.1.jar,80431
aeronaftics,clumps,Clumps,19.0.0.1,neoforge,Clumps-neoforge-1.21.1-19.0.0.1.jar,no,,C:\Users\teres\.minecraftx\instances\aeronaftics\mods\Clumps-neoforge-1.21.1-19.0.0.1.jar,18382
aeronaftics,cobblegengalore,Cobblegen Galore,1.21.1-0.2.8,neoforge,cobblegengalore-1.21.1-0.2.8.jar,no,,C:\Users\teres\.minecraftx\instances\aeronaftics\mods\cobblegengalore-1.21.1-0.2.8.jar,87631
aeronaftics,cobweb,Cobweb,1.4.0,neoforge,cobweb-neoforge-1.21-1.4.0.jar,no,,C:\Users\teres\.minecraftx\instances\aeronaftics\mods\cobweb-neoforge-1.21-1.4.0.jar,410948
aeronaftics,codechickenlib,CodeChicken Lib,4.6.1.526,neoforge,CodeChickenLib-1.21.1-4.6.1.526.jar,no,,C:\Users\teres\.minecraftx\instances\aeronaftics\mods\CodeChickenLib-1.21.1-4.6.1.526.jar,1538347
aeronaftics,colorfulhearts,Colorful Hearts,10.5.9,neoforge,colorfulhearts-neoforge-1.21.1-10.5.9.jar,no,,C:\Users\teres\.minecraftx\instances\aeronaftics\mods\colorfulhearts-neoforge-1.21.1-10.5.9.jar,156588
aeronaftics,commoncapabilities,CommonCapabilities,2.11.4,neoforge,commoncapabilities-1.21.1-neoforge-2.11.4.jar,no,,C:\Users\teres\.minecraftx\instances\aeronaftics\mods\commoncapabilities-1.21.1-neoforge-2.11.4.jar,283919
aeronaftics,compactmachines,Compact Machines,7.0.81,neoforge,compactmachines-neoforge-7.0.81.jar,no,,C:\Users\teres\.minecraftx\instances\aeronaftics\mods\compactmachines-neoforge-7.0.81.jar,684420
aeronaftics,connectedglass,Connected Glass,1.1.14,neoforge,connectedglass-1.1.14-neoforge-mc1.21.jar,no,,C:\Users\teres\.minecraftx\instances\aeronaftics\mods\connectedglass-1.1.14-neoforge-mc1.21.jar,819976
aeronaftics,connectivity,Connectivity Mod,7.6,neoforge,connectivity-1.21.1-7.6.jar,no,,C:\Users\teres\.minecraftx\instances\aeronaftics\mods\connectivity-1.21.1-7.6.jar,114165
aeronaftics,constructionstick,Construction Sticks,${file.jarVersion},neoforge,ConstructionSticks-1.21.1-1.3.0.jar,no,,C:\Users\teres\.minecraftx\instances\aeronaftics\mods\ConstructionSticks-1.21.1-1.3.0.jar,262932
aeronaftics,cookingforblockheads,Cooking for Blockheads,21.1.20,neoforge,cookingforblockheads-neoforge-1.21.1-21.1.20.jar,no,,C:\Users\teres\.minecraftx\instances\aeronaftics\mods\cookingforblockheads-neoforge-1.21.1-21.1.20.jar,1260692
aeronaftics,corgilib,CorgiLib,5.0.0.9,neoforge,Corgilib-NeoForge-1.21.1-5.0.0.9.jar,no,,C:\Users\teres\.minecraftx\instances\aeronaftics\mods\Corgilib-NeoForge-1.21.1-5.0.0.9.jar,309763
aeronaftics,cosmeticarmorreworked,CosmeticArmorReworked,1.21.1-v1-neoforge,neoforge,cosmeticarmorreworked-1.21.1-v1-neoforge.jar,no,,C:\Users\teres\.minecraftx\instances\aeronaftics\mods\cosmeticarmorreworked-1.21.1-v1-neoforge.jar,92722
aeronaftics,crafting_on_a_stick,Crafting On A Stick,1.21.0.4,neoforge,crafting_on_a_stick-1.21.0.4.jar,no,,C:\Users\teres\.minecraftx\instances\aeronaftics\mods\crafting_on_a_stick-1.21.0.4.jar,78661
aeronaftics,craftingtweaks,Crafting Tweaks,21.1.7,neoforge,craftingtweaks-neoforge-1.21.1-21.1.7.jar,no,,C:\Users\teres\.minecraftx\instances\aeronaftics\mods\craftingtweaks-neoforge-1.21.1-21.1.7.jar,255939
aeronaftics,crash_assistant,Crash Assistant,1.11.6,neoforge,CrashAssistant-neoforge-1.20.6-1.21.4-1.11.6.jar,no,,C:\Users\teres\.minecraftx\instances\aeronaftics\mods\CrashAssistant-neoforge-1.20.6-1.21.4-1.11.6.jar,3111910
aeronaftics,crashutilities,Crash Utilities,9.0.4,neoforge,crashutilities-9.0.4.jar,no,,C:\Users\teres\.minecraftx\instances\aeronaftics\mods\crashutilities-9.0.4.jar,225310
aeronaftics,createbigcannons,Create Big Cannons,5.11.2,neoforge,createbigcannons-5.11.2-mc.1.21.1.jar,yes,,C:\Users\teres\.minecraftx\instances\aeronaftics\mods\createbigcannons-5.11.2-mc.1.21.1.jar,3697176
aeronaftics,creeperoverhaul,Creeper Overhaul,4.0.6,neoforge,CreeperOverhaul-neoforge-1.21.1-4.0.6.jar,no,,C:\Users\teres\.minecraftx\instances\aeronaftics\mods\CreeperOverhaul-neoforge-1.21.1-4.0.6.jar,1185088
aeronaftics,cristellib,Cristel Lib,3.0.3,neoforge,cristellib-neoforge-1.21.1-3.0.3.jar,no,,C:\Users\teres\.minecraftx\instances\aeronaftics\mods\cristellib-neoforge-1.21.1-3.0.3.jar,539899
aeronaftics,cryonicconfig,Cryonic Config,1.0.0+mc1.21.11,neoforge,cryonicconfig-neoforge-1.0.0%2Bmc1.21.11.jar,no,,C:\Users\teres\.minecraftx\instances\aeronaftics\mods\cryonicconfig-neoforge-1.0.0%2Bmc1.21.11.jar,133851
aeronaftics,crystalix,Crystalix,3.0.0,neoforge,crystalix-3.0.0.jar,no,,C:\Users\teres\.minecraftx\instances\aeronaftics\mods\crystalix-3.0.0.jar,817004
aeronaftics,ctm,ConnectedTexturesMod,${file.jarVersion},neoforge,CTM-1.21-1.2.1+3.jar,no,,C:\Users\teres\.minecraftx\instances\aeronaftics\mods\CTM-1.21-1.2.1+3.jar,240791
aeronaftics,ctov,ChoiceTheorem's Overhauled Village,3.6.3,neoforge,%5BNeoforge%5Dctov-3.6.3.jar,no,,C:\Users\teres\.minecraftx\instances\aeronaftics\mods\%5BNeoforge%5Dctov-3.6.3.jar,7139609
aeronaftics,cucumber,Cucumber Library,8.0.15,neoforge,Cucumber-1.21.1-8.0.15.jar,no,,C:\Users\teres\.minecraftx\instances\aeronaftics\mods\Cucumber-1.21.1-8.0.15.jar,275523
aeronaftics,cupboard,Cupboard mod,3.5,neoforge,cupboard-1.21-3.5.jar,no,,C:\Users\teres\.minecraftx\instances\aeronaftics\mods\cupboard-1.21-3.5.jar,26659
aeronaftics,cyclopscore,Cyclops Core,1.29.0,neoforge,cyclopscore-1.21.1-neoforge-1.29.0-962.jar,no,,C:\Users\teres\.minecraftx\instances\aeronaftics\mods\cyclopscore-1.21.1-neoforge-1.29.0-962.jar,1158064
aeronaftics,darkmodeeverywhere,Dark Mode Everywhere,1.21-1.3.5,forge,darkmodeeverywhere-1.21-1.3.5.jar,no,,C:\Users\teres\.minecraftx\instances\aeronaftics\mods\darkmodeeverywhere-1.21-1.3.5.jar,31210
aeronaftics,deeperdarker,Deeper and Darker,1.3.5,neoforge,deeperdarker-neoforge-1.21.1-1.3.5.jar,no,,C:\Users\teres\.minecraftx\instances\aeronaftics\mods\deeperdarker-neoforge-1.21.1-1.3.5.jar,17886030
aeronaftics,deimos,Deimos,2.5,neoforge,deimos-1.21.1-neoforge-2.5.jar,no,,C:\Users\teres\.minecraftx\instances\aeronaftics\mods\deimos-1.21.1-neoforge-2.5.jar,49360
aeronaftics,dimstorage,DimStorage,9.1.1,neoforge,DimStorage-1.21.1-9.1.1.jar,no,,C:\Users\teres\.minecraftx\instances\aeronaftics\mods\DimStorage-1.21.1-9.1.1.jar,179454
aeronaftics,disenchanting_table,Dis-Enchanting Table,5.0.2,forge,disenchanting_table-merged-1.21.1-5.0.2.jar,no,,C:\Users\teres\.minecraftx\instances\aeronaftics\mods\disenchanting_table-merged-1.21.1-5.0.2.jar,306197
aeronaftics,domum_ornamentum,Domum Ornamentum,${file.jarVersion},neoforge,domum-ornamentum-1.0.233-snapshot-main.jar,no,,C:\Users\teres\.minecraftx\instances\aeronaftics\mods\domum-ornamentum-1.0.233-snapshot-main.jar,1156594
aeronaftics,draconicevolution,Draconic Evolution,3.1.4.632,neoforge,Draconic-Evolution-1.21.1-3.1.4.632.jar,no,,C:\Users\teres\.minecraftx\instances\aeronaftics\mods\Draconic-Evolution-1.21.1-3.1.4.632.jar,6045942
aeronaftics,drippyloadingscreen,Drippy Loading Screen,3.1.0,neoforge,drippyloadingscreen_neoforge_3.1.0_MC_1.21.1.jar,no,,C:\Users\teres\.minecraftx\instances\aeronaftics\mods\drippyloadingscreen_neoforge_3.1.0_MC_1.21.1.jar,172759
aeronaftics,dummmmmmy,MmmMmmMmmMmm,1.21-2.0.11,neoforge,dummmmmmy-1.21-2.0.11-neoforge.jar,no,,C:\Users\teres\.minecraftx\instances\aeronaftics\mods\dummmmmmy-1.21-2.0.11-neoforge.jar,218920
aeronaftics,dungeoncrawl,Dungeon Crawl,2.3.17,neoforge,DungeonCrawl-NeoForge-1.21-2.3.17.jar,no,,C:\Users\teres\.minecraftx\instances\aeronaftics\mods\DungeonCrawl-NeoForge-1.21-2.3.17.jar,738480
aeronaftics,dungeons_arise,When Dungeons Arise,2.1.68,neoforge,DungeonsArise-1.21.1-2.1.68-release.jar,no,,C:\Users\teres\.minecraftx\instances\aeronaftics\mods\DungeonsArise-1.21.1-2.1.68-release.jar,11842679
aeronaftics,dyenamics,Dyenamics,1.21.1-3.4.2,neoforge,dyenamics-1.21.1-3.4.2.jar,no,,C:\Users\teres\.minecraftx\instances\aeronaftics\mods\dyenamics-1.21.1-3.4.2.jar,1198641
aeronaftics,dyenamicsandfriends,Dyenamics and Friends,1.21.1-2.2.2,neoforge,dyenamicsandfriends-1.21.1-2.2.2.jar,no,,C:\Users\teres\.minecraftx\instances\aeronaftics\mods\dyenamicsandfriends-1.21.1-2.2.2.jar,8361784
aeronaftics,dysoncubeproject,Dyson Cube Project,1.0.2,neoforge,dysoncubeproject-1.0.2.jar,no,,C:\Users\teres\.minecraftx\instances\aeronaftics\mods\dysoncubeproject-1.0.2.jar,524489
aeronaftics,easy_villagers,Easy Villagers,1.21.1-1.1.41,neoforge,easy-villagers-neoforge-1.21.1-1.1.41.jar,no,,C:\Users\teres\.minecraftx\instances\aeronaftics\mods\easy-villagers-neoforge-1.21.1-1.1.41.jar,456649
aeronaftics,edivadlib,EdivadLib,3.0.0,neoforge,EdivadLib-1.21-3.0.0.jar,no,,C:\Users\teres\.minecraftx\instances\aeronaftics\mods\EdivadLib-1.21-3.0.0.jar,14133
aeronaftics,elevatorid,ElevatorMod,1.21.1-1.11.4,neoforge,elevatorid-neoforge-1.21.1-1.11.4.jar,no,,C:\Users\teres\.minecraftx\instances\aeronaftics\mods\elevatorid-neoforge-1.21.1-1.11.4.jar,191190
aeronaftics,enderdrives,EnderDrives,1.4.4,neoforge,enderdrives-neoforge-1.21.1-1.4.4.jar,no,,C:\Users\teres\.minecraftx\instances\aeronaftics\mods\enderdrives-neoforge-1.21.1-1.4.4.jar,317025
aeronaftics,enderio,Ender IO,8.2.5-beta,neoforge,enderio-8.2.5-beta.jar,no,,C:\Users\teres\.minecraftx\instances\aeronaftics\mods\enderio-8.2.5-beta.jar,5724826
aeronaftics,endermanoverhaul,Enderman Overhaul,2.0.3,neoforge,endermanoverhaul-neoforge-1.21.1-2.0.3.jar,no,,C:\Users\teres\.minecraftx\instances\aeronaftics\mods\endermanoverhaul-neoforge-1.21.1-2.0.3.jar,1330403
aeronaftics,enderstorage,EnderStorage,2.13.0.191,neoforge,EnderStorage-1.21.1-2.13.0.191.jar,no,,C:\Users\teres\.minecraftx\instances\aeronaftics\mods\EnderStorage-1.21.1-2.13.0.191.jar,264089
aeronaftics,entangled,Entangled,1.3.21,neoforge,entangled-1.3.21-neoforge-mc1.21.jar,no,,C:\Users\teres\.minecraftx\instances\aeronaftics\mods\entangled-1.3.21-neoforge-mc1.21.jar,130872
aeronaftics,eternal_starlight,Eternal Starlight,0.6.4+1.21.1+neoforge,neoforge,eternalstarlight-0.6.4%2B1.21.1%2Bneoforge.jar,no,,C:\Users\teres\.minecraftx\instances\aeronaftics\mods\eternalstarlight-0.6.4%2B1.21.1%2Bneoforge.jar,53483861
aeronaftics,everythingcopper,Everything is Copper,1.21.1-2.4.5,neoforge,everythingcopper-1.21.1-2.4.5.jar,no,,C:\Users\teres\.minecraftx\instances\aeronaftics\mods\everythingcopper-1.21.1-2.4.5.jar,620493
aeronaftics,evilcraft,EvilCraft-Compat,1.1.0,neoforge,evilcraft-1.21.1-neoforge-1.2.84-834.jar,no,,C:\Users\teres\.minecraftx\instances\aeronaftics\mods\evilcraft-1.21.1-neoforge-1.2.84-834.jar,2830818
aeronaftics,expandedae,Expanded AE,2.1.1,neoforge,expandedae-2.1.1.jar,no,,C:\Users\teres\.minecraftx\instances\aeronaftics\mods\expandedae-2.1.1.jar,496713
aeronaftics,experiencelib,ExperienceLib,1.2.1,neoforge,experiencelib-1.21.1-1.2.1.jar,no,,C:\Users\teres\.minecraftx\instances\aeronaftics\mods\experiencelib-1.21.1-1.2.1.jar,169856
aeronaftics,explorify,Explorify,1.6.4,forge,Explorify v1.6.4 f15-88.mod.jar,no,,C:\Users\teres\.minecraftx\instances\aeronaftics\mods\Explorify v1.6.4 f15-88.mod.jar,951495
aeronaftics,extended_industrialization,Extended Industrialization,1.15.35-1.21.1,neoforge,extended-industrialization-1.15.35-1.21.1.jar,no,,C:\Users\teres\.minecraftx\instances\aeronaftics\mods\extended-industrialization-1.15.35-1.21.1.jar,2255673
aeronaftics,extendedae,ExtendedAE,1.21-2.2.31-neoforge,neoforge,ExtendedAE-1.21-2.2.31-neoforge.jar,no,,C:\Users\teres\.minecraftx\instances\aeronaftics\mods\ExtendedAE-1.21-2.2.31-neoforge.jar,5551958
aeronaftics,extradisks,Extra Disks,1.21.1-4.0.14,neoforge,ExtraDisks-1.21.1-4.0.14.jar,no,,C:\Users\teres\.minecraftx\instances\aeronaftics\mods\ExtraDisks-1.21.1-4.0.14.jar,343038
aeronaftics,extrastorage,ExtraStorage,5.0.8,neoforge,ExtraStorage-1.21.1-5.0.8.jar,no,,C:\Users\teres\.minecraftx\instances\aeronaftics\mods\ExtraStorage-1.21.1-5.0.8.jar,384123
aeronaftics,extremesoundmuffler,Extreme Sound Muffler,3.55,neoforge,ExtremeSoundMuffler-3.55_NeoForge-1.21.jar,no,,C:\Users\teres\.minecraftx\instances\aeronaftics\mods\ExtremeSoundMuffler-3.55_NeoForge-1.21.jar,270217
aeronaftics,factory_blocks,Factory Blocks,1.4.0+mc1.21.1,neoforge,factory_blocks-neoforge-1.4.0+mc1.21.1.jar,no,,C:\Users\teres\.minecraftx\instances\aeronaftics\mods\factory_blocks-neoforge-1.4.0+mc1.21.1.jar,809234
aeronaftics,farmingforblockheads,Farming for Blockheads,21.1.12,neoforge,farmingforblockheads-neoforge-1.21.1-21.1.12.jar,no,,C:\Users\teres\.minecraftx\instances\aeronaftics\mods\farmingforblockheads-neoforge-1.21.1-21.1.12.jar,829490
aeronaftics,fastbench,Fast Workbench,9.1.3,neoforge,FastWorkbench-1.21.1-9.1.3.jar,no,,C:\Users\teres\.minecraftx\instances\aeronaftics\mods\FastWorkbench-1.21.1-9.1.3.jar,28635
aeronaftics,fastfurnace,FastFurnace,9.0.1,neoforge,FastFurnace-1.21.1-9.0.1.jar,no,,C:\Users\teres\.minecraftx\instances\aeronaftics\mods\FastFurnace-1.21.1-9.0.1.jar,4623
aeronaftics,fastsuite,Fast Suite,6.0.7,neoforge,FastSuite-1.21.1-6.0.7.jar,no,,C:\Users\teres\.minecraftx\instances\aeronaftics\mods\FastSuite-1.21.1-6.0.7.jar,28193
aeronaftics,fireproofboats,Fireproof Boats,1.21.1-1.0.4,neoforge,fireproofboats-1.21.1-1.0.4.jar,no,,C:\Users\teres\.minecraftx\instances\aeronaftics\mods\fireproofboats-1.21.1-1.0.4.jar,39734
aeronaftics,flickerfix,FlickerFix,6.1.0,neoforge,flickerfix-1.21.1-6.1.0.jar,no,,C:\Users\teres\.minecraftx\instances\aeronaftics\mods\flickerfix-1.21.1-6.1.0.jar,4566
aeronaftics,fluxnetworks,Flux Networks,8.0.0,neoforge,FluxNetworks-1.21.1-8.0.0.jar,no,,C:\Users\teres\.minecraftx\instances\aeronaftics\mods\FluxNetworks-1.21.1-8.0.0.jar,535938
aeronaftics,forbidden_arcanus,Forbidden Arcanus,2.6.1,neoforge,forbidden_arcanus-2.6.1.jar,no,,C:\Users\teres\.minecraftx\instances\aeronaftics\mods\forbidden_arcanus-2.6.1.jar,3402083
aeronaftics,formations,Formations,1.0.4,neoforge,formations-1.0.4-neoforge-mc1.21.jar,no,,C:\Users\teres\.minecraftx\instances\aeronaftics\mods\formations-1.0.4-neoforge-mc1.21.jar,287525
aeronaftics,formationsnether,Formations Nether,1.0.5,forge,formationsnether-1.0.5-mc1.21+.jar,no,,C:\Users\teres\.minecraftx\instances\aeronaftics\mods\formationsnether-1.0.5-mc1.21+.jar,942046
aeronaftics,formationsoverworld,Formations Overworld,1.0.5,forge,formationsoverworld-1.0.5-mc1.21+.jar,no,,C:\Users\teres\.minecraftx\instances\aeronaftics\mods\formationsoverworld-1.0.5-mc1.21+.jar,873370
aeronaftics,framedblocks,FramedBlocks,10.5.3,neoforge,FramedBlocks-10.5.3.jar,no,,C:\Users\teres\.minecraftx\instances\aeronaftics\mods\FramedBlocks-10.5.3.jar,4301567
aeronaftics,framework,Framework,0.13.11,neoforge,framework-neoforge-1.21.1-0.13.11.jar,no,,C:\Users\teres\.minecraftx\instances\aeronaftics\mods\framework-neoforge-1.21.1-0.13.11.jar,387334
aeronaftics,ftbchunks,FTB Chunks,2101.1.14,neoforge,ftb-chunks-neoforge-2101.1.14.jar,no,,C:\Users\teres\.minecraftx\instances\aeronaftics\mods\ftb-chunks-neoforge-2101.1.14.jar,642340
aeronaftics,ftbessentials,FTB Essentials,2101.1.9,neoforge,ftb-essentials-neoforge-2101.1.9.jar,no,,C:\Users\teres\.minecraftx\instances\aeronaftics\mods\ftb-essentials-neoforge-2101.1.9.jar,209459
aeronaftics,ftbfiltersystem,FTB Filter System,21.1.4,neoforge,ftb-filter-system-neoforge-21.1.4.jar,no,,C:\Users\teres\.minecraftx\instances\aeronaftics\mods\ftb-filter-system-neoforge-21.1.4.jar,211671
aeronaftics,ftbjeiextras,FTB Jei Extras,21.1.7,neoforge,ftb-jei-extras-21.1.7.jar,no,,C:\Users\teres\.minecraftx\instances\aeronaftics\mods\ftb-jei-extras-21.1.7.jar,69759
aeronaftics,ftbquestslangsplitter,FTB Quests Lang Splitter,1.0.5,neoforge,ftbquestslangsplitter-1.0.5.jar,no,,C:\Users\teres\.minecraftx\instances\aeronaftics\mods\ftbquestslangsplitter-1.0.5.jar,201142
aeronaftics,ftbultimine,FTB Ultimine,2101.1.13,neoforge,ftb-ultimine-neoforge-2101.1.13.jar,no,,C:\Users\teres\.minecraftx\instances\aeronaftics\mods\ftb-ultimine-neoforge-2101.1.13.jar,176935
aeronaftics,ftbxmodcompat,FTB XMod Compat,21.1.8,neoforge,ftb-xmod-compat-neoforge-21.1.8.jar,no,,C:\Users\teres\.minecraftx\instances\aeronaftics\mods\ftb-xmod-compat-neoforge-21.1.8.jar,141328
aeronaftics,fuelgoeshere,Fuel Goes Here,1.21.1-1.2.0,neoforge,fuelgoeshere-1.21.1-1.2.0.jar,no,,C:\Users\teres\.minecraftx\instances\aeronaftics\mods\fuelgoeshere-1.21.1-1.2.0.jar,7564
aeronaftics,functionalstorage,Functional Storage,${file.jarVersion},neoforge,functionalstorage-1.21.1-1.5.5.jar,no,,C:\Users\teres\.minecraftx\instances\aeronaftics\mods\functionalstorage-1.21.1-1.5.5.jar,773728
aeronaftics,gateways,Gateways To Eternity,5.1.0,neoforge,GatewaysToEternity-1.21.1-5.1.0.jar,no,,C:\Users\teres\.minecraftx\instances\aeronaftics\mods\GatewaysToEternity-1.21.1-5.1.0.jar,646451
aeronaftics,generatorgalore,Generator Galore,1.21.1-1.6.3,neoforge,generatorgalore-1.21.1-1.6.3.jar,no,,C:\Users\teres\.minecraftx\instances\aeronaftics\mods\generatorgalore-1.21.1-1.6.3.jar,397687
aeronaftics,getittogetherdrops,"Get It Together, Drops!",${file.jarVersion},neoforge,getittogetherdrops-neoforge-1.21.5-1.4.jar,no,,C:\Users\teres\.minecraftx\instances\aeronaftics\mods\getittogetherdrops-neoforge-1.21.5-1.4.jar,8825
aeronaftics,glassential,Glassential-renewed,3.4.1,neoforge,Glassential-renewed-1.21.1-3.4.1.jar,no,,C:\Users\teres\.minecraftx\instances\aeronaftics\mods\Glassential-renewed-1.21.1-3.4.1.jar,683494
aeronaftics,glodium,Glodium,1.21-2.2-neoforge,neoforge,Glodium-1.21-2.2-neoforge.jar,no,,C:\Users\teres\.minecraftx\instances\aeronaftics\mods\Glodium-1.21-2.2-neoforge.jar,61377
aeronaftics,gmut,Gravitational Modulating Additional Unit,6.4,neoforge,GravitationalModulatingAdditionalUnit-1.21.1-6.4.jar,no,,C:\Users\teres\.minecraftx\instances\aeronaftics\mods\GravitationalModulatingAdditionalUnit-1.21.1-6.4.jar,40188
aeronaftics,guideme,GuideME,21.1.15,neoforge,guideme-21.1.15.jar,no,,C:\Users\teres\.minecraftx\instances\aeronaftics\mods\guideme-21.1.15.jar,9309183
aeronaftics,hardenedarmadillos,Hardened Armadillos,1.21.1-0.2.0,neoforge,hardenedarmadillos-1.21.1-0.2.0.jar,no,,C:\Users\teres\.minecraftx\instances\aeronaftics\mods\hardenedarmadillos-1.21.1-0.2.0.jar,10389
aeronaftics,hellish_trials,Hellish Trials,1.0.5,neoforge,HellishTrials-neoforge-1.0.5.jar,no,,C:\Users\teres\.minecraftx\instances\aeronaftics\mods\HellishTrials-neoforge-1.0.5.jar,581988
aeronaftics,herbsandharvest,Mama's Herbs and Harvest,1.21.1-11,neoforge,herbsandharvest-1.21.1-11.jar,no,,C:\Users\teres\.minecraftx\instances\aeronaftics\mods\herbsandharvest-1.21.1-11.jar,5894660
aeronaftics,heyberryshutup,Hey Berry! SHUT UP,1.21.0-2.0.4,neoforge,heyberryshutup-1.21.0-2.0.4.jar,no,,C:\Users\teres\.minecraftx\instances\aeronaftics\mods\heyberryshutup-1.21.0-2.0.4.jar,6186
aeronaftics,hostilenetworks,Hostile Neural Networks,6.3.0,neoforge,HostileNeuralNetworks-1.21.1-6.3.0.jar,no,,C:\Users\teres\.minecraftx\instances\aeronaftics\mods\HostileNeuralNetworks-1.21.1-6.3.0.jar,323604
aeronaftics,iceandfire,Ice And Fire Community Edition,2.0-beta.15,neoforge,IceAndFireCE-2.0-beta.15-1.21.1-neoforge.jar,no,,C:\Users\teres\.minecraftx\instances\aeronaftics\mods\IceAndFireCE-2.0-beta.15-1.21.1-neoforge.jar,20933691
aeronaftics,illagerwarship,Illager-Warship,1.0.1,neoforge,illagerwarship-1.0.1-neoforge-1.21.1.jar,no,,C:\Users\teres\.minecraftx\instances\aeronaftics\mods\illagerwarship-1.0.1-neoforge-1.21.1.jar,71280
aeronaftics,imfast,I'm Fast,1.0.2,neoforge,imfast-NEOFORGE-1.0.2.jar,no,,C:\Users\teres\.minecraftx\instances\aeronaftics\mods\imfast-NEOFORGE-1.0.2.jar,4157
aeronaftics,immeng,Immersive Energistics,1.1.0-beta,neoforge,Immersive-Energistics-1.1.0-beta.jar,no,,C:\Users\teres\.minecraftx\instances\aeronaftics\mods\Immersive-Energistics-1.1.0-beta.jar,40560
aeronaftics,immersiveengineering,Immersive Engineering,12.4.2-194,neoforge,ImmersiveEngineering-1.21.1-12.4.2-194.jar,no,,C:\Users\teres\.minecraftx\instances\aeronaftics\mods\ImmersiveEngineering-1.21.1-12.4.2-194.jar,14232121
aeronaftics,incontrol,InControl,${file.jarVersion},neoforge,incontrol-1.21-10.2.6.jar,no,,C:\Users\teres\.minecraftx\instances\aeronaftics\mods\incontrol-1.21-10.2.6.jar,347280
aeronaftics,industrialforegoing,Industrial Foregoing,1.21-3.6.38,neoforge,industrialforegoing-1.21-3.6.38.jar,no,,C:\Users\teres\.minecraftx\instances\aeronaftics\mods\industrialforegoing-1.21-3.6.38.jar,4630924
aeronaftics,industrialforegoingsouls,Industrial Foregoing Souls,1.10.7,neoforge,industrial-foregoing-souls-1.21.1-1.10.7.jar,no,,C:\Users\teres\.minecraftx\instances\aeronaftics\mods\industrial-foregoing-souls-1.21.1-1.10.7.jar,136908
aeronaftics,industrialization_overdrive,Industrialization Overdrive,1.11.1+1.21.1,neoforge,industrialization_overdrive-1.11.1%2B1.21.1.jar,no,,C:\Users\teres\.minecraftx\instances\aeronaftics\mods\industrialization_overdrive-1.11.1%2B1.21.1.jar,119313
aeronaftics,integratedcrafting,IntegratedCrafting,1.4.5,neoforge,integratedcrafting-1.21.1-neoforge-1.4.5-539.jar,no,,C:\Users\teres\.minecraftx\instances\aeronaftics\mods\integratedcrafting-1.21.1-neoforge-1.4.5-539.jar,377547
aeronaftics,integrateddynamics,IntegratedDynamics-Compat,1.0.0,neoforge,integrateddynamics-1.21.1-neoforge-1.32.3.jar,no,,C:\Users\teres\.minecraftx\instances\aeronaftics\mods\integrateddynamics-1.21.1-neoforge-1.32.3.jar,4321955
aeronaftics,integratedscripting,IntegratedScripting,1.0.21,neoforge,integratedscripting-1.21.1-neoforge-1.0.21-339.jar,no,,C:\Users\teres\.minecraftx\instances\aeronaftics\mods\integratedscripting-1.21.1-neoforge-1.0.21-339.jar,38503401
aeronaftics,integratedterminals,IntegratedTerminals-Compat,1.0.0,neoforge,integratedterminals-1.21.1-neoforge-1.6.28.jar,no,,C:\Users\teres\.minecraftx\instances\aeronaftics\mods\integratedterminals-1.21.1-neoforge-1.6.28.jar,651373
aeronaftics,integratedtunnels,IntegratedTunnels-Compat,${file.jarVersion},neoforge,integratedtunnels-1.21.1-neoforge-1.9.4-606.jar,no,,C:\Users\teres\.minecraftx\instances\aeronaftics\mods\integratedtunnels-1.21.1-neoforge-1.9.4-606.jar,682625
aeronaftics,interdimensionalwirelesstransmitter,Interdimensional Wireless Transmitter,1.21.1-0.1.5,neoforge,interdimensionalwirelesstransmitter-neoforge-1.21.1-0.1.5.jar,no,,C:\Users\teres\.minecraftx\instances\aeronaftics\mods\interdimensionalwirelesstransmitter-neoforge-1.21.1-0.1.5.jar,141867
aeronaftics,invtweaks,Inventory Tweaks Refoxed,1.21.1-1.3.2,neoforge,invtweaks-1.21.1-1.3.2.jar,no,,C:\Users\teres\.minecraftx\instances\aeronaftics\mods\invtweaks-1.21.1-1.3.2.jar,77127
aeronaftics,ironfurnaces,Iron Furnaces,4.3.2,neoforge,ironfurnaces-neoforge-1.21.1-4.3.2.jar,no,,C:\Users\teres\.minecraftx\instances\aeronaftics\mods\ironfurnaces-neoforge-1.21.1-4.3.2.jar,576866
aeronaftics,ironjetpacks,Iron Jetpacks,8.0.11,neoforge,IronJetpacks-1.21.1-8.0.11.jar,no,,C:\Users\teres\.minecraftx\instances\aeronaftics\mods\IronJetpacks-1.21.1-8.0.11.jar,154859
aeronaftics,irons_jewelry,Iron's Gems 'n Jewelry,1.21.1-1.6.1,neoforge,irons_jewelry-1.21.1-1.6.1.jar,no,,C:\Users\teres\.minecraftx\instances\aeronaftics\mods\irons_jewelry-1.21.1-1.6.1.jar,715749
aeronaftics,irons_patreon_lib,Iron's Patreon Library,1.21.1-1.0.1,neoforge,irons_patreon_lib-1.21.1-1.0.1.jar,no,,C:\Users\teres\.minecraftx\instances\aeronaftics\mods\irons_patreon_lib-1.21.1-1.0.1.jar,353965
aeronaftics,irons_spellbooks,Iron's Spells 'n Spellbooks,1.21.1-3.15.5,neoforge,irons_spellbooks-1.21.1-3.15.5.jar,no,,C:\Users\teres\.minecraftx\instances\aeronaftics\mods\irons_spellbooks-1.21.1-3.15.5.jar,13568479
aeronaftics,itemcollectors,Item Collectors,1.1.10,neoforge,itemcollectors-1.1.10-neoforge-mc1.21.jar,no,,C:\Users\teres\.minecraftx\instances\aeronaftics\mods\itemcollectors-1.1.10-neoforge-mc1.21.jar,100837
aeronaftics,jearchaeology,Just Enough Archaeology,1.21.1-1.2.0,neoforge,jearchaeology-1.21.1-1.2.0.jar,no,,C:\Users\teres\.minecraftx\instances\aeronaftics\mods\jearchaeology-1.21.1-1.2.0.jar,53509
aeronaftics,jei_mekanism_multiblocks,Just Enough Mekanism Multiblocks,7.14,neoforge,JustEnoughMekanismMultiblocks-1.21.1-7.14.jar,no,,C:\Users\teres\.minecraftx\instances\aeronaftics\mods\JustEnoughMekanismMultiblocks-1.21.1-7.14.jar,185202
aeronaftics,journeymap-wrongloader,Journeymap,1.21.1-6.0.0-beta.60,neoforge,journeymap-neoforge-1.21.1-6.0.0-beta.60.jar,no,,C:\Users\teres\.minecraftx\instances\aeronaftics\mods\journeymap-neoforge-1.21.1-6.0.0-beta.60.jar,3644655
aeronaftics,jumpboat,Jumpy Boats,1.21.0-1.0.5,neoforge,jumpboat-1.21.0-1.0.5.jar,no,,C:\Users\teres\.minecraftx\instances\aeronaftics\mods\jumpboat-1.21.0-1.0.5.jar,5328
aeronaftics,jupiter,Jupiter,2.3.7,neoforge,jupiter-2.3.7-1.21.1-neoforge.jar,no,,C:\Users\teres\.minecraftx\instances\aeronaftics\mods\jupiter-2.3.7-1.21.1-neoforge.jar,278988
aeronaftics,justdirethings,Just Dire Things,1.5.7,neoforge,justdirethings-1.5.7.jar,no,,C:\Users\teres\.minecraftx\instances\aeronaftics\mods\justdirethings-1.5.7.jar,2853190
aeronaftics,justenoughbreeding,Just Enough Breeding,1.6.2,neoforge,justenoughbreeding-neoforge-1.21-1.21.1-1.6.2.jar,no,,C:\Users\teres\.minecraftx\instances\aeronaftics\mods\justenoughbreeding-neoforge-1.21-1.21.1-1.6.2.jar,134388
aeronaftics,justenoughprofessions,Just Enough Professions (JEP),${file.jarVersion},neoforge,JustEnoughProfessions-neoforge-1.21.1-4.0.4.jar,no,,C:\Users\teres\.minecraftx\instances\aeronaftics\mods\JustEnoughProfessions-neoforge-1.21.1-4.0.4.jar,24449
aeronaftics,justzoom,Just Zoom,2.1.0,neoforge,justzoom_neoforge_2.1.0_MC_1.21.1.jar,no,,C:\Users\teres\.minecraftx\instances\aeronaftics\mods\justzoom_neoforge_2.1.0_MC_1.21.1.jar,43798
aeronaftics,keybindbundles,KeyBind Bundles,1.4.0,neoforge,keybindbundles-1.4.0.jar,no,,C:\Users\teres\.minecraftx\instances\aeronaftics\mods\keybindbundles-1.4.0.jar,89565
aeronaftics,keybindspurger,KeybindsPurger,1.4.0,neoforge,KeybindsPurger-1.4.0-neoforge-1.21.1.jar,no,,C:\Users\teres\.minecraftx\instances\aeronaftics\mods\KeybindsPurger-1.4.0-neoforge-1.21.1.jar,39710
aeronaftics,kubejs,KubeJS,2101.7.2-build.348,neoforge,kubejs-neoforge-2101.7.2-build.348.jar,no,,C:\Users\teres\.minecraftx\instances\aeronaftics\mods\kubejs-neoforge-2101.7.2-build.348.jar,2240610
aeronaftics,kubejstweaks,KubeJS Tweaks,1.0.6,neoforge,kubejstweaks-1.0.6.jar,no,,C:\Users\teres\.minecraftx\instances\aeronaftics\mods\kubejstweaks-1.0.6.jar,421764
aeronaftics,laserbridges,Laser Bridges & Doors,5.3,neoforge,laserbridges-1.21.1-neoforge-5.3.jar,no,,C:\Users\teres\.minecraftx\instances\aeronaftics\mods\laserbridges-1.21.1-neoforge-5.3.jar,199979
aeronaftics,laserio,LaserIO,1.9.11,neoforge,laserio-1.9.11.jar,no,,C:\Users\teres\.minecraftx\instances\aeronaftics\mods\laserio-1.9.11.jar,1305285
aeronaftics,legendarytooltips,Legendary Tooltips,1.5.5,neoforge,LegendaryTooltips-1.21.1-neoforge-1.5.5.jar,no,,C:\Users\teres\.minecraftx\instances\aeronaftics\mods\LegendaryTooltips-1.21.1-neoforge-1.5.5.jar,81808
aeronaftics,lionfishapi,lionfishapi,2.6,neoforge,lionfishapi-2.6.jar,no,,C:\Users\teres\.minecraftx\instances\aeronaftics\mods\lionfishapi-2.6.jar,92312
aeronaftics,little_big_redstone,Little Big Redstone,1.5.2-beta-1.21.1,neoforge,little-big-redstone-1.5.2-beta-1.21.1.jar,no,,C:\Users\teres\.minecraftx\instances\aeronaftics\mods\little-big-redstone-1.5.2-beta-1.21.1.jar,1385906
aeronaftics,livingthings,Living Things,1.21.1-2.3.0,neoforge,livingthings-neoforge-1.21.1-2.3.0.jar,no,,C:\Users\teres\.minecraftx\instances\aeronaftics\mods\livingthings-neoforge-1.21.1-2.3.0.jar,962953
aeronaftics,lmft,Load My F***ing Tags,1.1.1+1.21.9,forge,lmft-1.1.1+1.21.9-neoforge.jar,no,,C:\Users\teres\.minecraftx\instances\aeronaftics\mods\lmft-1.1.1+1.21.9-neoforge.jar,78624
aeronaftics,luminax,Luminax,1.3.1,neoforge,luminax-1.3.1_neoforge_1.21.1.jar,no,,C:\Users\teres\.minecraftx\instances\aeronaftics\mods\luminax-1.3.1_neoforge_1.21.1.jar,704672
aeronaftics,mahoutsukai,Mahou Tsukai,1.21.1-v1.36.26,neoforge,mahoutsukai-1.21.1-v1.36.26.jar,no,,C:\Users\teres\.minecraftx\instances\aeronaftics\mods\mahoutsukai-1.21.1-v1.36.26.jar,5044030
aeronaftics,mcjtylib,McJtyLib,${file.jarVersion},neoforge,mcjtylib-1.21-9.0.20.jar,no,,C:\Users\teres\.minecraftx\instances\aeronaftics\mods\mcjtylib-1.21-9.0.20.jar,699963
aeronaftics,mcwbridges,Macaw's Bridges,3.1.2,neoforge,mcw-bridges-3.1.2-mc1.21.1neoforge.jar,no,,C:\Users\teres\.minecraftx\instances\aeronaftics\mods\mcw-bridges-3.1.2-mc1.21.1neoforge.jar,661387
aeronaftics,mcwdoors,Macaw's Doors,1.1.5,neoforge,mcw-doors-1.1.5-mc1.21.1neoforge.jar,no,,C:\Users\teres\.minecraftx\instances\aeronaftics\mods\mcw-doors-1.1.5-mc1.21.1neoforge.jar,1190404
aeronaftics,mcwfences,Macaw's Fences and Walls,1.2.1,neoforge,mcw-mcwfences-1.2.1-mc1.21.1neoforge.jar,no,,C:\Users\teres\.minecraftx\instances\aeronaftics\mods\mcw-mcwfences-1.2.1-mc1.21.1neoforge.jar,673871
aeronaftics,mcwfurnitures,Macaw's Furniture,3.4.1,neoforge,mcw-furniture-3.4.1-mc1.21.1neoforge.jar,no,,C:\Users\teres\.minecraftx\instances\aeronaftics\mods\mcw-furniture-3.4.1-mc1.21.1neoforge.jar,2080436
aeronaftics,mcwholidays,Macaw's Holidays,1.1.2,neoforge,mcw-holidays-1.1.2-mc1.21.1neoforge.jar,no,,C:\Users\teres\.minecraftx\instances\aeronaftics\mods\mcw-holidays-1.1.2-mc1.21.1neoforge.jar,1012915
aeronaftics,mcwlights,Macaw's Lights and Lamps,1.1.5,neoforge,mcw-lights-1.1.5-mc1.21.1neoforge.jar,no,,C:\Users\teres\.minecraftx\instances\aeronaftics\mods\mcw-lights-1.1.5-mc1.21.1neoforge.jar,525744
aeronaftics,mcwpaths,Macaw's Paths and Pavings,1.1.1,neoforge,mcw-mcwpaths-1.1.1-mc1.21.1neoforge.jar,no,,C:\Users\teres\.minecraftx\instances\aeronaftics\mods\mcw-mcwpaths-1.1.1-mc1.21.1neoforge.jar,777742
aeronaftics,mcwroofs,Macaw's Roofs,2.3.2,neoforge,mcw-roofs-2.3.2-mc1.21.1neoforge.jar,no,,C:\Users\teres\.minecraftx\instances\aeronaftics\mods\mcw-roofs-2.3.2-mc1.21.1neoforge.jar,1784829
aeronaftics,mcwstairs,Macaw's Stairs and Balconies,1.0.2,neoforge,mcw-mcwstairs-1.0.2-mc1.21.1neoforge.jar,no,,C:\Users\teres\.minecraftx\instances\aeronaftics\mods\mcw-mcwstairs-1.0.2-mc1.21.1neoforge.jar,529082
aeronaftics,mcwtrpdoors,Macaw's Trapdoors,1.1.5,neoforge,mcw-trapdoors-1.1.5-mc1.21.1neoforge.jar,no,,C:\Users\teres\.minecraftx\instances\aeronaftics\mods\mcw-trapdoors-1.1.5-mc1.21.1neoforge.jar,572870
aeronaftics,mcwwindows,Macaw's Windows,2.4.2,neoforge,mcw-mcwwindows-2.4.2-mc1.21.1neoforge.jar,no,,C:\Users\teres\.minecraftx\instances\aeronaftics\mods\mcw-mcwwindows-2.4.2-mc1.21.1neoforge.jar,1261268
aeronaftics,measurements,Measurements,${file.jarVersion},neoforge,Measurements-neoforge-1.21.1-3.0.3.jar,no,,C:\Users\teres\.minecraftx\instances\aeronaftics\mods\Measurements-neoforge-1.21.1-3.0.3.jar,47632
aeronaftics,megacells,MEGA Cells,4.10.2,neoforge,megacells-4.10.2.jar,no,,C:\Users\teres\.minecraftx\instances\aeronaftics\mods\megacells-4.10.2.jar,1121004
aeronaftics,mekanism,Mekanism,10.7.18,neoforge,Mekanism-1.21.1-10.7.18.84.jar,no,,C:\Users\teres\.minecraftx\instances\aeronaftics\mods\Mekanism-1.21.1-10.7.18.84.jar,11950460
aeronaftics,mekanismcovers,Mekanism Covers,1.3-BETA+1.21,neoforge,mekanismcovers-1.3-BETA+1.21.jar,no,,C:\Users\teres\.minecraftx\instances\aeronaftics\mods\mekanismcovers-1.3-BETA+1.21.jar,136513
aeronaftics,mekanismgenerators,Mekanism: Generators,10.7.18,neoforge,MekanismGenerators-1.21.1-10.7.18.84.jar,no,,C:\Users\teres\.minecraftx\instances\aeronaftics\mods\MekanismGenerators-1.21.1-10.7.18.84.jar,1104556
aeronaftics,mekanismtools,Mekanism: Tools,10.7.18,neoforge,MekanismTools-1.21.1-10.7.18.84.jar,no,,C:\Users\teres\.minecraftx\instances\aeronaftics\mods\MekanismTools-1.21.1-10.7.18.84.jar,520884
aeronaftics,mekanisticrouters,Mekanistic Routers,1.2.0,neoforge,mekanisticrouters-1.2.0.jar,no,,C:\Users\teres\.minecraftx\instances\aeronaftics\mods\mekanisticrouters-1.2.0.jar,248261
aeronaftics,mekmm,Mekanism: MoreMachine,1.3.1,neoforge,mekmm-1.21.1-1.3.1.jar,no,,C:\Users\teres\.minecraftx\instances\aeronaftics\mods\mekmm-1.21.1-1.3.1.jar,2779673
aeronaftics,memorysettings,memorysettings mod,5.9,neoforge,memorysettings-1.21-5.9.jar,no,,C:\Users\teres\.minecraftx\instances\aeronaftics\mods\memorysettings-1.21-5.9.jar,22328
aeronaftics,merequester,ME Requester,1.21.1-1.4.2,neoforge,merequester-neoforge-1.21.1-1.4.2.jar,no,,C:\Users\teres\.minecraftx\instances\aeronaftics\mods\merequester-neoforge-1.21.1-1.4.2.jar,184487
aeronaftics,merrymaking,Mama's MerryMaking,1.21.1-14,neoforge,merrymaking-1.21.1-14.jar,no,,C:\Users\teres\.minecraftx\instances\aeronaftics\mods\merrymaking-1.21.1-14.jar,21961335
aeronaftics,mes,MoogsEndStructures,2.0.0,forge,MoogsEndStructures-1.21-2.0.1.jar,no,,C:\Users\teres\.minecraftx\instances\aeronaftics\mods\MoogsEndStructures-1.21-2.0.1.jar,2458587
aeronaftics,mffs,Modular Force Field System,${file.jarVersion},neoforge,mffs-5.4.27.jar,no,,C:\Users\teres\.minecraftx\instances\aeronaftics\mods\mffs-5.4.27.jar,3100552
aeronaftics,mifa,More Industrial Foregoing Addons,2.1.0,neoforge,mifa-neoforge-1.21.x-2.1.0.jar,no,,C:\Users\teres\.minecraftx\instances\aeronaftics\mods\mifa-neoforge-1.21.x-2.1.0.jar,122759
aeronaftics,minecolonies,MineColonies,1.1.1299-1.21.1-snapshot,neoforge,minecolonies-1.1.1299-1.21.1-snapshot.jar,no,,C:\Users\teres\.minecraftx\instances\aeronaftics\mods\minecolonies-1.1.1299-1.21.1-snapshot.jar,77398570
aeronaftics,mininggadgets,Mining Gadgets,1.18.6,neoforge,mininggadgets-1.18.6.jar,no,,C:\Users\teres\.minecraftx\instances\aeronaftics\mods\mininggadgets-1.18.6.jar,663946
aeronaftics,mns,MoogsNetherStructures,2.0.31,forge,MoogsNetherStructures-1.21-2.0.31.jar,no,,C:\Users\teres\.minecraftx\instances\aeronaftics\mods\MoogsNetherStructures-1.21-2.0.31.jar,1469454
aeronaftics,mob_grinding_utils,Mob Grinding Utils,${file.jarVersion},neoforge,mob_grinding_utils-1.1.10+mc1.21.1.jar,no,,C:\Users\teres\.minecraftx\instances\aeronaftics\mods\mob_grinding_utils-1.1.10+mc1.21.1.jar,1370085
aeronaftics,modelfix,Model Gap Fix,1.21-1.10,neoforge,modelfix-1.21-1.10.jar,no,,C:\Users\teres\.minecraftx\instances\aeronaftics\mods\modelfix-1.21-1.10.jar,47035
aeronaftics,modern_industrialization,Modern Industrialization,2.4.2,neoforge,Modern-Industrialization-2.4.2.jar,no,,C:\Users\teres\.minecraftx\instances\aeronaftics\mods\Modern-Industrialization-2.4.2.jar,7083805
aeronaftics,moderndynamics,Modern Dynamics,0.9.6,neoforge,Modern-Dynamics-0.9.6.jar,no,,C:\Users\teres\.minecraftx\instances\aeronaftics\mods\Modern-Dynamics-0.9.6.jar,707745
aeronaftics,modonomicon,Modonomicon,1.120.1,neoforge,modonomicon-1.21.1-neoforge-1.120.1.jar,no,,C:\Users\teres\.minecraftx\instances\aeronaftics\mods\modonomicon-1.21.1-neoforge-1.120.1.jar,2403998
aeronaftics,modularbees,ModularBees,1.21.1-2.11-neoforge,neoforge,ModularBees-1.21.1-2.11-neoforge.jar,no,,C:\Users\teres\.minecraftx\instances\aeronaftics\mods\ModularBees-1.21.1-2.11-neoforge.jar,530463
aeronaftics,modularrouters,Modular Routers,13.2.4,neoforge,modular-routers-13.2.4%2Bmc1.21.1.jar,no,,C:\Users\teres\.minecraftx\instances\aeronaftics\mods\modular-routers-13.2.4%2Bmc1.21.1.jar,1284439
aeronaftics,monolib,MonoLib,2.1.0,neoforge,monolib-neoforge-1.21.1-2.1.0.jar,no,,C:\Users\teres\.minecraftx\instances\aeronaftics\mods\monolib-neoforge-1.21.1-2.1.0.jar,179499
aeronaftics,moogs_structures,Moog's Structure Lib,1.1.0-1.21-1.21.1,neoforge,moogs_structures-1.1.0-1.21-1.21.1-neoforge.jar,no,,C:\Users\teres\.minecraftx\instances\aeronaftics\mods\moogs_structures-1.1.0-1.21-1.21.1-neoforge.jar,250067
aeronaftics,moredragoneggs,More Dragon Eggs,5.0,neoforge,moredragoneggs-5.0.jar,no,,C:\Users\teres\.minecraftx\instances\aeronaftics\mods\moredragoneggs-5.0.jar,6389
aeronaftics,moreoverlays,More Overlays Updated,1.24.2,neoforge,moreoverlays-1.24.2-mc1.21.1-neoforge.jar,no,,C:\Users\teres\.minecraftx\instances\aeronaftics\mods\moreoverlays-1.24.2-mc1.21.1-neoforge.jar,112984
aeronaftics,mostructures,Mo' Structures,1.6.0+1.21.1,neoforge,mostructures-neoforge-1.6.0+1.21.1.jar,no,,C:\Users\teres\.minecraftx\instances\aeronaftics\mods\mostructures-neoforge-1.6.0+1.21.1.jar,779607
aeronaftics,mss,MoogsSoaringStructures,2.0.2,forge,MoogsSoaringStructures-1.21-2.0.2.jar,no,,C:\Users\teres\.minecraftx\instances\aeronaftics\mods\MoogsSoaringStructures-1.21-2.0.2.jar,3074614
aeronaftics,multipiston,Multi-Piston,1.2.58-1.21.1,neoforge,multipiston-1.2.58-1.21.1.jar,no,,C:\Users\teres\.minecraftx\instances\aeronaftics\mods\multipiston-1.2.58-1.21.1.jar,34139
aeronaftics,mvs,MoogsVoyagerStructures,5.0.5,forge,MoogsVoyagerStructures-1.21-5.0.5.jar,no,,C:\Users\teres\.minecraftx\instances\aeronaftics\mods\MoogsVoyagerStructures-1.21-5.0.5.jar,2670229
aeronaftics,mysticalagradditions,Mystical Agradditions,8.0.13,neoforge,MysticalAgradditions-1.21.1-8.0.13.jar,no,,C:\Users\teres\.minecraftx\instances\aeronaftics\mods\MysticalAgradditions-1.21.1-8.0.13.jar,315832
aeronaftics,mysticalagriculture,Mystical Agriculture,8.0.24,neoforge,MysticalAgriculture-1.21.1-8.0.24.jar,no,,C:\Users\teres\.minecraftx\instances\aeronaftics\mods\MysticalAgriculture-1.21.1-8.0.24.jar,2323380
aeronaftics,mysticalcustomization,Mystical Customization,6.0.2,neoforge,MysticalCustomization-1.21.1-6.0.2.jar,no,,C:\Users\teres\.minecraftx\instances\aeronaftics\mods\MysticalCustomization-1.21.1-6.0.2.jar,49374
aeronaftics,naturesaura,NaturesAura,41.9,neoforge,NaturesAura-41.9.jar,no,,C:\Users\teres\.minecraftx\instances\aeronaftics\mods\NaturesAura-41.9.jar,1443280
aeronaftics,neo_auth,NeoAuth,${file.jarVersion},neoforge,NeoAuth-1.21.1-1.0.1.jar,no,,C:\Users\teres\.minecraftx\instances\aeronaftics\mods\NeoAuth-1.21.1-1.0.1.jar,61287
aeronaftics,nochatreports,No Chat Reports,1.21.1-v2.9.1,neoforge,NoChatReports-NEOFORGE-1.21.1-v2.9.1.jar,no,,C:\Users\teres\.minecraftx\instances\aeronaftics\mods\NoChatReports-NEOFORGE-1.21.1-v2.9.1.jar,306668
aeronaftics,nolijium,Nolijium,0.5.6,forge,nolijium-0.5.6.jar,no,,C:\Users\teres\.minecraftx\instances\aeronaftics\mods\nolijium-0.5.6.jar,362983
aeronaftics,not_enough_glyphs,Not Enough Glyphs,${file.jarVersion},neoforge,not_enough_glyphs-1.21.1-4.2.9.jar,no,,C:\Users\teres\.minecraftx\instances\aeronaftics\mods\not_enough_glyphs-1.21.1-4.2.9.jar,593310
aeronaftics,novillagerdm,No Villager Death Messages,6.0.0,neoforge,novillagerdm-1.21.1-6.0.0.jar,no,,C:\Users\teres\.minecraftx\instances\aeronaftics\mods\novillagerdm-1.21.1-6.0.0.jar,4884
aeronaftics,nullscape,Nullscape,1.2.14,forge,Nullscape_1.21.x_v1.2.14.jar,no,,C:\Users\teres\.minecraftx\instances\aeronaftics\mods\Nullscape_1.21.x_v1.2.14.jar,355748
aeronaftics,observable,Observable,5.4.4,neoforge,observable-5.4.4.jar,no,,C:\Users\teres\.minecraftx\instances\aeronaftics\mods\observable-5.4.4.jar,388133
aeronaftics,occultism,Occultism,1.208.0,neoforge,occultism-1.21.1-neoforge-1.208.0.jar,no,,C:\Users\teres\.minecraftx\instances\aeronaftics\mods\occultism-1.21.1-neoforge-1.208.0.jar,6935263
aeronaftics,occultism_kubejs,Occultism KubeJS,1.11.0,neoforge,occultism_kubejs-1.21.1-neoforge-1.11.0.jar,no,,C:\Users\teres\.minecraftx\instances\aeronaftics\mods\occultism_kubejs-1.21.1-neoforge-1.11.0.jar,434372
aeronaftics,octolib,OctoLib,0.6.1,neoforge,OctoLib-NEOFORGE-0.6.1%2B1.21.jar,no,,C:\Users\teres\.minecraftx\instances\aeronaftics\mods\OctoLib-NEOFORGE-0.6.1%2B1.21.jar,540285
aeronaftics,ohthetreesyoullgrow,Oh The Trees You'll Grow,5.3.0,neoforge,Oh-The-Trees-Youll-Grow-neoforge-1.21.1-5.3.0.jar,no,,C:\Users\teres\.minecraftx\instances\aeronaftics\mods\Oh-The-Trees-Youll-Grow-neoforge-1.21.1-5.3.0.jar,165580
aeronaftics,omegaconfig,Omega Config Architectury,1.5.1,neoforge,omegaconfig-neoforge-1.5.1.jar,no,,C:\Users\teres\.minecraftx\instances\aeronaftics\mods\omegaconfig-neoforge-1.5.1.jar,20604
aeronaftics,openloader,OpenLoader,21.1.5,neoforge,OpenLoader-neoforge-1.21.1-21.1.5.jar,no,,C:\Users\teres\.minecraftx\instances\aeronaftics\mods\OpenLoader-neoforge-1.21.1-21.1.5.jar,35602
aeronaftics,oracle_index,Oracle Index,1.1.1,neoforge,oracle_index-neoforge-1.1.1.jar,no,,C:\Users\teres\.minecraftx\instances\aeronaftics\mods\oracle_index-neoforge-1.1.1.jar,29779727
aeronaftics,oritech,Oritech,1.1.0,neoforge,oritech-neoforge-1.21.1-1.1.0.jar,no,,C:\Users\teres\.minecraftx\instances\aeronaftics\mods\oritech-neoforge-1.21.1-1.1.0.jar,10747980
aeronaftics,overloadedarmorbar,OverloadedArmorBar,2,neoforge,overloadedarmorbar-neoforge-1.21-2.jar,no,,C:\Users\teres\.minecraftx\instances\aeronaftics\mods\overloadedarmorbar-neoforge-1.21-2.jar,22307
aeronaftics,pamhc2crops,Pam's HarvestCraft - Crops,1.0.7,neoforge,pamhc2crops-NEOFORGE-1.21.1-1.0.7.jar,no,,C:\Users\teres\.minecraftx\instances\aeronaftics\mods\pamhc2crops-NEOFORGE-1.21.1-1.0.7.jar,1354111
aeronaftics,pamhc2foodcore,Pam's HarvestCraft - Food Core,1.0.4,neoforge,pamhc2foodcore-NEOFORGE-1.21.1-1.0.4.jar,no,,C:\Users\teres\.minecraftx\instances\aeronaftics\mods\pamhc2foodcore-NEOFORGE-1.21.1-1.0.4.jar,1699044
aeronaftics,pamhc2foodextended,Pam's HarvestCraft - Food Extended,1.0.0,neoforge,pamhc2foodextended-NEOFORGE-1.21.1-1.0.0.jar,no,,C:\Users\teres\.minecraftx\instances\aeronaftics\mods\pamhc2foodextended-NEOFORGE-1.21.1-1.0.0.jar,1983616
aeronaftics,pamhc2trees,Pam's HarvestCraft - Trees,1.0.9,neoforge,pamhc2trees-NEOFORGE-1.21.1-1.0.9.jar,no,,C:\Users\teres\.minecraftx\instances\aeronaftics\mods\pamhc2trees-NEOFORGE-1.21.1-1.0.9.jar,1399642
aeronaftics,pipez,Pipez,1.21.1-1.2.19,neoforge,pipez-neoforge-1.21.1-1.2.19.jar,no,,C:\Users\teres\.minecraftx\instances\aeronaftics\mods\pipez-neoforge-1.21.1-1.2.19.jar,446672
aeronaftics,placebo,Placebo,9.9.1,neoforge,Placebo-1.21.1-9.9.1.jar,no,,C:\Users\teres\.minecraftx\instances\aeronaftics\mods\Placebo-1.21.1-9.9.1.jar,324056
aeronaftics,playeranimator,Player Animator,2.0.4+1.21.1,neoforge,player-animation-lib-forge-2.0.4+1.21.1.jar,no,,C:\Users\teres\.minecraftx\instances\aeronaftics\mods\player-animation-lib-forge-2.0.4+1.21.1.jar,203149
aeronaftics,pocketstorage,Pocket Storage,1.2.5,neoforge,pocketstorage-1.2.5+1.21.1-b3.jar,no,,C:\Users\teres\.minecraftx\instances\aeronaftics\mods\pocketstorage-1.2.5+1.21.1-b3.jar,264788
aeronaftics,polyeng,Polymorphic Energistics,0.4.1,neoforge,polyeng-0.4.1.jar,no,,C:\Users\teres\.minecraftx\instances\aeronaftics\mods\polyeng-0.4.1.jar,20130
aeronaftics,polylib,PolyLib,2100.1.0-build.183,neoforge,polylib-2100.1.0-build.183-neoforge.jar,no,,C:\Users\teres\.minecraftx\instances\aeronaftics\mods\polylib-2100.1.0-build.183-neoforge.jar,1299974
aeronaftics,polymorph,Polymorph,1.1.0+1.21.1,neoforge,polymorph-neoforge-1.1.0+1.21.1.jar,no,,C:\Users\teres\.minecraftx\instances\aeronaftics\mods\polymorph-neoforge-1.1.0+1.21.1.jar,174972
aeronaftics,ponderjs,PonderJS,1.21.1-2.4.0,neoforge,ponderjs-neoforge-1.21.1-2.4.0.jar,no,,C:\Users\teres\.minecraftx\instances\aeronaftics\mods\ponderjs-neoforge-1.21.1-2.4.0.jar,1571893
aeronaftics,potionsmaster,PotionsMaster,1.0.1,neoforge,potionsmaster-21.1.113-1.0.1.jar,no,,C:\Users\teres\.minecraftx\instances\aeronaftics\mods\potionsmaster-21.1.113-1.0.1.jar,216980
aeronaftics,powah,Powah,6.2.8,neoforge,Powah-6.2.8.jar,no,,C:\Users\teres\.minecraftx\instances\aeronaftics\mods\Powah-6.2.8.jar,2737273
aeronaftics,prism,Prism,1.0.11,neoforge,Prism-1.21.1-neoforge-1.0.11.jar,no,,C:\Users\teres\.minecraftx\instances\aeronaftics\mods\Prism-1.21.1-neoforge-1.0.11.jar,62031
aeronaftics,productivebees,Productive Bees,1.21.1-13.13.3,neoforge,productivebees-1.21.1-13.13.3.jar,no,,C:\Users\teres\.minecraftx\instances\aeronaftics\mods\productivebees-1.21.1-13.13.3.jar,5214035
aeronaftics,productivemetalworks,Productive Metalworks,1.21.1-1.15.0,neoforge,productivemetalworks-1.21.1-1.15.0.jar,no,,C:\Users\teres\.minecraftx\instances\aeronaftics\mods\productivemetalworks-1.21.1-1.15.0.jar,3042019
aeronaftics,productivetrees,Productive Trees,1.21.1-0.8.1,neoforge,productivetrees-1.21.1-0.8.1.jar,no,,C:\Users\teres\.minecraftx\instances\aeronaftics\mods\productivetrees-1.21.1-0.8.1.jar,13534494
aeronaftics,pylons,Pylons,5.4.2,neoforge,pylons-1.21.1-5.4.2.jar,no,,C:\Users\teres\.minecraftx\instances\aeronaftics\mods\pylons-1.21.1-5.4.2.jar,217973
aeronaftics,quarryplus,QuarryPlus,21.1.152,neoforge,AdditionalEnchantedMiner-1.21.1-neoforge-21.1.152.jar,no,,C:\Users\teres\.minecraftx\instances\aeronaftics\mods\AdditionalEnchantedMiner-1.21.1-neoforge-21.1.152.jar,692847
aeronaftics,railcraft,Railcraft Reborn,1.2.10,neoforge,railcraft-reborn-1.21.1-1.2.10.jar,no,,C:\Users\teres\.minecraftx\instances\aeronaftics\mods\railcraft-reborn-1.21.1-1.2.10.jar,5290986
aeronaftics,rainbows,Rainbows,1.5,neoforge,Rainbows-1.21-1.5.jar,no,,C:\Users\teres\.minecraftx\instances\aeronaftics\mods\Rainbows-1.21-1.5.jar,2307740
aeronaftics,rangedpumps,Ranged Pumps,1.3.0,neoforge,rangedpumps-1.3.0.jar,no,,C:\Users\teres\.minecraftx\instances\aeronaftics\mods\rangedpumps-1.3.0.jar,25483
aeronaftics,reap,Reap Mod,1.21.1-1.1.2,neoforge,reap-neoforge-1.21.1-1.1.2.jar,no,,C:\Users\teres\.minecraftx\instances\aeronaftics\mods\reap-neoforge-1.21.1-1.1.2.jar,140551
aeronaftics,rebind_narrator,Rebind Narrator,2025.12.23,neoforge,rebind_narrator-1.21.1-neoforge-2025.12.23.jar,no,,C:\Users\teres\.minecraftx\instances\aeronaftics\mods\rebind_narrator-1.21.1-neoforge-2025.12.23.jar,213661
aeronaftics,rechiseled_chipped,Rechiseled: Chipped,1.3,neoforge,rechiseled_chipped-2.0-1.21.1.jar,no,,C:\Users\teres\.minecraftx\instances\aeronaftics\mods\rechiseled_chipped-2.0-1.21.1.jar,177517
aeronaftics,redstonepen,Redstone Pen,1.11.42,neoforge,redstonepen-1.21-neoforge-1.11.42.jar,no,,C:\Users\teres\.minecraftx\instances\aeronaftics\mods\redstonepen-1.21-neoforge-1.11.42.jar,513816
aeronaftics,refinedstorage,Refined Storage,2.0.1,neoforge,refinedstorage-neoforge-2.0.1.jar,no,,C:\Users\teres\.minecraftx\instances\aeronaftics\mods\refinedstorage-neoforge-2.0.1.jar,4506772
aeronaftics,refinedstorage_curios_integration,Refined Storage - Curios Integration,1.0.0,neoforge,refinedstorage-curios-integration-1.0.0.jar,no,,C:\Users\teres\.minecraftx\instances\aeronaftics\mods\refinedstorage-curios-integration-1.0.0.jar,11177
aeronaftics,refinedstorage_jei_integration,Refined Storage - JEI Integration,1.0.0,neoforge,refinedstorage-jei-integration-neoforge-1.0.0.jar,no,,C:\Users\teres\.minecraftx\instances\aeronaftics\mods\refinedstorage-jei-integration-neoforge-1.0.0.jar,58343
aeronaftics,refinedstorage_mekanism_integration,Refined Storage - Mekanism Integration,1.1.1,neoforge,refinedstorage-mekanism-integration-1.1.1.jar,no,,C:\Users\teres\.minecraftx\instances\aeronaftics\mods\refinedstorage-mekanism-integration-1.1.1.jar,160633
aeronaftics,refinedstorage_quartz_arsenal,Refined Storage - Quartz Arsenal,1.0.6,neoforge,refinedstorage-quartz-arsenal-neoforge-1.0.6.jar,no,,C:\Users\teres\.minecraftx\instances\aeronaftics\mods\refinedstorage-quartz-arsenal-neoforge-1.0.6.jar,66882
aeronaftics,refinedtypes,Refined Types,1.21.1-0.2.9,neoforge,refined-types-1.21.1-0.2.9.jar,no,,C:\Users\teres\.minecraftx\instances\aeronaftics\mods\refined-types-1.21.1-0.2.9.jar,735329
aeronaftics,refurbished_furniture,MrCrayfish's Furniture Mod: Refurbished,1.0.22,neoforge,refurbished_furniture-neoforge-1.21.1-1.0.22.jar,no,,C:\Users\teres\.minecraftx\instances\aeronaftics\mods\refurbished_furniture-neoforge-1.21.1-1.0.22.jar,7133477
aeronaftics,regions_unexplored,Regions Unexplored,0.5.9,neoforge,regions_unexplored-neoforge-1.21.1-0.5.9.jar,no,,C:\Users\teres\.minecraftx\instances\aeronaftics\mods\regions_unexplored-neoforge-1.21.1-0.5.9.jar,5365182
aeronaftics,relics,Relics,0.11.14,neoforge,relics-1.21.1-0.11.14.jar,no,,C:\Users\teres\.minecraftx\instances\aeronaftics\mods\relics-1.21.1-0.11.14.jar,4121604
aeronaftics,reliquified_artifacts,reliquified_artifacts,1.0.4,neoforge,reliquified_artifacts-1.21.1-1.0.4.jar,no,,C:\Users\teres\.minecraftx\instances\aeronaftics\mods\reliquified_artifacts-1.21.1-1.0.4.jar,658045
aeronaftics,repeatable_trial_vaults,Repeatable Trial Vaults,1.0.2,neoforge,repeatable_trial_vaults-neoforge-1.21-1.0.2.jar,no,,C:\Users\teres\.minecraftx\instances\aeronaftics\mods\repeatable_trial_vaults-neoforge-1.21-1.0.2.jar,12734
aeronaftics,restrictions,Restrictions,${file.jarVersion},neoforge,restrictions-1.21-7.0.3.jar,no,,C:\Users\teres\.minecraftx\instances\aeronaftics\mods\restrictions-1.21-7.0.3.jar,45018
aeronaftics,rftoolsbase,RFToolsBase,${file.jarVersion},neoforge,rftoolsbase-1.21-6.0.10.jar,no,,C:\Users\teres\.minecraftx\instances\aeronaftics\mods\rftoolsbase-1.21-6.0.10.jar,463720
aeronaftics,rftoolsbuilder,RFToolsBuilder,${file.jarVersion},neoforge,rftoolsbuilder-1.21-7.0.4.jar,no,,C:\Users\teres\.minecraftx\instances\aeronaftics\mods\rftoolsbuilder-1.21-7.0.4.jar,920495
aeronaftics,rftoolspower,RFToolsPower,${file.jarVersion},neoforge,rftoolspower-1.21-7.0.5.jar,no,,C:\Users\teres\.minecraftx\instances\aeronaftics\mods\rftoolspower-1.21-7.0.5.jar,579946
aeronaftics,rftoolsstorage,RFToolsStorage,${file.jarVersion},neoforge,rftoolsstorage-1.21-6.0.4.jar,no,,C:\Users\teres\.minecraftx\instances\aeronaftics\mods\rftoolsstorage-1.21-6.0.4.jar,396201
aeronaftics,rftoolsutility,RFToolsUtility,${file.jarVersion},neoforge,rftoolsutility-1.21-7.0.11.jar,no,,C:\Users\teres\.minecraftx\instances\aeronaftics\mods\rftoolsutility-1.21-7.0.11.jar,1430392
aeronaftics,rhino,Rhino,2101.2.7-build.81,forge,rhino-2101.2.7-build.81.jar,no,,C:\Users\teres\.minecraftx\instances\aeronaftics\mods\rhino-2101.2.7-build.81.jar,882032
aeronaftics,ritchiesprojectilelib,Ritchie's Projectile Library,2.1.2,neoforge,ritchiesprojectilelib-2.1.2-mc.1.21.1-neoforge.jar,yes,,C:\Users\teres\.minecraftx\instances\aeronaftics\mods\ritchiesprojectilelib-2.1.2-mc.1.21.1-neoforge.jar,76369
aeronaftics,rootsclassic,Roots Classic,${file.jarVersion},neoforge,RootsClassic-1.21.1-1.5.7.jar,no,,C:\Users\teres\.minecraftx\instances\aeronaftics\mods\RootsClassic-1.21.1-1.5.7.jar,635779
aeronaftics,sawmill,Universal Sawmill,1.21-1.7.1,neoforge,sawmill-1.21-1.7.2-neoforge.jar,no,,C:\Users\teres\.minecraftx\instances\aeronaftics\mods\sawmill-1.21-1.7.2-neoforge.jar,521504
aeronaftics,securitycraft,SecurityCraft,${file.jarVersion},neoforge,[1.21.1] SecurityCraft v1.10.1.jar,no,,C:\Users\teres\.minecraftx\instances\aeronaftics\mods\[1.21.1] SecurityCraft v1.10.1.jar,4951098
aeronaftics,servercore,ServerCore,1.5.10+1.21.1,neoforge,servercore-neoforge-1.5.10+1.21.1.jar,no,,C:\Users\teres\.minecraftx\instances\aeronaftics\mods\servercore-neoforge-1.5.10+1.21.1.jar,1429522
aeronaftics,sfm,Super Factory Manager (SFM),4.32.0,neoforge,Super%20Factory%20Manager%20(SFM)-MC1.21.1-4.32.0.jar,no,,C:\Users\teres\.minecraftx\instances\aeronaftics\mods\Super%20Factory%20Manager%20(SFM)-MC1.21.1-4.32.0.jar,1604662
aeronaftics,sgearmetalworks,Silent Gear Metalworks,1.21.1-1.4.6,neoforge,sgearmetalworks-1.21.1-1.4.6.jar,no,,C:\Users\teres\.minecraftx\instances\aeronaftics\mods\sgearmetalworks-1.21.1-1.4.6.jar,624587
aeronaftics,shiny,Shiny!,1.21.1-1.2.5,neoforge,shiny-1.21.1-1.2.5.jar,no,,C:\Users\teres\.minecraftx\instances\aeronaftics\mods\shiny-1.21.1-1.2.5.jar,961576
aeronaftics,shrink,Shrink,2.0.1.47,neoforge,shrink-2.0.1.47-neoforge.jar,no,,C:\Users\teres\.minecraftx\instances\aeronaftics\mods\shrink-2.0.1.47-neoforge.jar,46062
aeronaftics,silentgear,Silent Gear,4.1.5,neoforge,silent-gear-1.21.1-neoforge-4.1.5.jar,no,,C:\Users\teres\.minecraftx\instances\aeronaftics\mods\silent-gear-1.21.1-neoforge-4.1.5.jar,2967321
aeronaftics,silentgems,Silent's Gems,5.1.3,neoforge,silentgems-1.21.1-neoforge-5.1.3.jar,no,,C:\Users\teres\.minecraftx\instances\aeronaftics\mods\silentgems-1.21.1-neoforge-5.1.3.jar,1457506
aeronaftics,silentlib,Silent Lib,10.5.1,neoforge,silent-lib-1.21.1-neoforge-10.5.1.jar,no,,C:\Users\teres\.minecraftx\instances\aeronaftics\mods\silent-lib-1.21.1-neoforge-10.5.1.jar,146707
aeronaftics,simple_weather,Simple Weather,1.0.13-hotfix,neoforge,simple_weather-1.0.13-hotfix.jar,no,,C:\Users\teres\.minecraftx\instances\aeronaftics\mods\simple_weather-1.0.13-hotfix.jar,82792
aeronaftics,simplebackups,Simple Backups,1.21-4.0.29,neoforge,SimpleBackups-1.21-4.0.29.jar,no,,C:\Users\teres\.minecraftx\instances\aeronaftics\mods\SimpleBackups-1.21-4.0.29.jar,70247
aeronaftics,simplemagnets,Simple Magnets,1.1.12+c,neoforge,simplemagnets-1.1.12c-neoforge-mc1.21.jar,no,,C:\Users\teres\.minecraftx\instances\aeronaftics\mods\simplemagnets-1.1.12c-neoforge-mc1.21.jar,146262
aeronaftics,simplylight,Simply Light,1.5.3,neoforge,simplylight-1.5.3+1.21.1-b4.jar,no,,C:\Users\teres\.minecraftx\instances\aeronaftics\mods\simplylight-1.5.3+1.21.1-b4.jar,1103352
aeronaftics,smartbrainlib,SmartBrainLib,1.16.11,neoforge,SmartBrainLib-neoforge-1.21.1-1.16.11.jar,no,,C:\Users\teres\.minecraftx\instances\aeronaftics\mods\SmartBrainLib-neoforge-1.21.1-1.16.11.jar,391053
aeronaftics,smithingtemplateviewer,SmithingTemplateViewer,1.0.4,neoforge,smithingtemplateviewer-1.0.4.jar,no,,C:\Users\teres\.minecraftx\instances\aeronaftics\mods\smithingtemplateviewer-1.0.4.jar,39702
aeronaftics,solcarrot,Spice of Life: Carrot Edition,1.16.6,neoforge,solcarrot-1.21.1-1.16.6.jar,no,,C:\Users\teres\.minecraftx\instances\aeronaftics\mods\solcarrot-1.21.1-1.16.6.jar,105355
aeronaftics,sophisticatedbackpackscreateintegration,Sophisticated Backpacks Create Integration,0.1.5,neoforge,sophisticatedbackpackscreateintegration-1.21.1-0.1.5.29.jar,no,,C:\Users\teres\.minecraftx\instances\aeronaftics\mods\sophisticatedbackpackscreateintegration-1.21.1-0.1.5.29.jar,82316
aeronaftics,sophisticatedstorageinmotion,Sophisticated Storage In Motion,0.10.27,neoforge,sophisticatedstorageinmotion-1.21.1-0.10.27.208.jar,no,,C:\Users\teres\.minecraftx\instances\aeronaftics\mods\sophisticatedstorageinmotion-1.21.1-0.10.27.208.jar,393442
aeronaftics,soulplied_energistics,Soulplied Energistics,1.0.2,neoforge,soulplied_energistics-1.0.2.jar,no,,C:\Users\teres\.minecraftx\instances\aeronaftics\mods\soulplied_energistics-1.0.2.jar,25097
aeronaftics,starbunclemania,Starbunclemania,${file.jarVersion},neoforge,starbunclemania-1.21.1-1.5.6.jar,no,,C:\Users\teres\.minecraftx\instances\aeronaftics\mods\starbunclemania-1.21.1-1.5.6.jar,690200
aeronaftics,stevescarts,StevesCarts2,1.2.18,neoforge,stevescarts-1.21-1.2.18-neoforge.jar,no,,C:\Users\teres\.minecraftx\instances\aeronaftics\mods\stevescarts-1.21-1.2.18-neoforge.jar,2133617
aeronaftics,storagedelight,Storage Delight,25.12.09-1.21-neoforge,neoforge,storagedelight-25.12.09-1.21-neoforge.jar,no,,C:\Users\teres\.minecraftx\instances\aeronaftics\mods\storagedelight-25.12.09-1.21-neoforge.jar,649502
aeronaftics,structory,Structory,1.3.16,forge,Structory_26.1_v1.3.16.jar,no,,C:\Users\teres\.minecraftx\instances\aeronaftics\mods\Structory_26.1_v1.3.16.jar,1261336
aeronaftics,structory_towers,Structory: Towers,1.0.16,forge,Structory_Towers_26.1_v1.0.16.jar,no,,C:\Users\teres\.minecraftx\instances\aeronaftics\mods\Structory_Towers_26.1_v1.0.16.jar,491545
aeronaftics,structurize,Structurize,1.0.820-1.21.1-snapshot,neoforge,structurize-1.0.820-1.21.1-snapshot.jar,no,,C:\Users\teres\.minecraftx\instances\aeronaftics\mods\structurize-1.0.820-1.21.1-snapshot.jar,1060892
aeronaftics,stylecolonies,Stylecolonies,1.15.51-1.21.1,neoforge,stylecolonies-1.15.51-1.21.1.jar,no,,C:\Users\teres\.minecraftx\instances\aeronaftics\mods\stylecolonies-1.15.51-1.21.1.jar,31220431
aeronaftics,supplementaries,Supplementaries,1.21-3.5.32,neoforge,supplementaries-1.21-3.5.33-neoforge.jar,no,,C:\Users\teres\.minecraftx\instances\aeronaftics\mods\supplementaries-1.21-3.5.33-neoforge.jar,13361394
aeronaftics,sushigocrafting,Sushi Go Crafting,0.6.5,neoforge,sushigocrafting-1.21-0.6.5.jar,no,,C:\Users\teres\.minecraftx\instances\aeronaftics\mods\sushigocrafting-1.21-0.6.5.jar,724996
aeronaftics,sussysniffers,Sussy Sniffers,1.21.1-0.1.3,neoforge,sussysniffers-1.21.1-0.1.3.jar,no,,C:\Users\teres\.minecraftx\instances\aeronaftics\mods\sussysniffers-1.21.1-0.1.3.jar,95574
aeronaftics,t_and_t,Towns and Towers,1.13.7,neoforge,t_and_t-neoforge-fabric-1.13.7+1.21.1.jar,no,,C:\Users\teres\.minecraftx\instances\aeronaftics\mods\t_and_t-neoforge-fabric-1.13.7+1.21.1.jar,3641681
aeronaftics,tempad,Tempad,3.0.4,neoforge,tempad-1.21.1-3.0.4-all.jar,no,,C:\Users\teres\.minecraftx\instances\aeronaftics\mods\tempad-1.21.1-3.0.4-all.jar,1696464
aeronaftics,terrablender,TerraBlender,${file.jarVersion},neoforge,TerraBlender-neoforge-1.21.1-4.1.0.8.jar,no,,C:\Users\teres\.minecraftx\instances\aeronaftics\mods\TerraBlender-neoforge-1.21.1-4.1.0.8.jar,120364
aeronaftics,tesseract_api,Tesseract API,1.11.10-1.21.1,neoforge,tesseract-api-neoforge-1.11.10-1.21.1.jar,no,,C:\Users\teres\.minecraftx\instances\aeronaftics\mods\tesseract-api-neoforge-1.11.10-1.21.1.jar,726159
aeronaftics,the_bumblezone,The Bumblezone,7.13.1+1.21.1-neoforge,neoforge,the_bumblezone-7.13.1%2B1.21.1-neoforge.jar,no,,C:\Users\teres\.minecraftx\instances\aeronaftics\mods\the_bumblezone-7.13.1%2B1.21.1-neoforge.jar,69611136
aeronaftics,theurgy,Theurgy,1.71.0,neoforge,theurgy-1.21.1-neoforge-1.71.0.jar,no,,C:\Users\teres\.minecraftx\instances\aeronaftics\mods\theurgy-1.21.1-neoforge-1.71.0.jar,5298014
aeronaftics,theurgy_kubejs,Theurgy KubeJS,1.5.1,neoforge,theurgy_kubejs-1.21.1-neoforge-1.5.1.jar,no,,C:\Users\teres\.minecraftx\instances\aeronaftics\mods\theurgy_kubejs-1.21.1-neoforge-1.5.1.jar,25203
aeronaftics,tiab,Time In A Bottle,6.5.4,neoforge,tiab-neoforge-6.5.4.jar,no,,C:\Users\teres\.minecraftx\instances\aeronaftics\mods\tiab-neoforge-6.5.4.jar,77755
aeronaftics,titanium,Titanium,${file.jarVersion},neoforge,titanium-1.21-4.0.42.jar,no,,C:\Users\teres\.minecraftx\instances\aeronaftics\mods\titanium-1.21-4.0.42.jar,605755
aeronaftics,toastcontrol,Toast Control,9.0.1,neoforge,ToastControl-1.21.1-9.0.1.jar,no,,C:\Users\teres\.minecraftx\instances\aeronaftics\mods\ToastControl-1.21.1-9.0.1.jar,21079
aeronaftics,tombstone,Corail Tombstone,9.4.8,neoforge,tombstone-neoforge-1.21.1-9.4.8.jar,no,,C:\Users\teres\.minecraftx\instances\aeronaftics\mods\tombstone-neoforge-1.21.1-9.4.8.jar,2304453
aeronaftics,toolbelt,Tool Belt,${file.jarVersion},neoforge,ToolBelt-1.21.1-2.2.7.jar,no,,C:\Users\teres\.minecraftx\instances\aeronaftics\mods\ToolBelt-1.21.1-2.2.7.jar,216604
aeronaftics,torchmaster,Torchmaster,21.1.9,neoforge,torchmaster-neoforge-1.21.1-21.1.9.jar,no,,C:\Users\teres\.minecraftx\instances\aeronaftics\mods\torchmaster-neoforge-1.21.1-21.1.9.jar,130605
aeronaftics,towntalk,TownTalk,${modVersion},forge,towntalk-1.2.0.jar,no,,C:\Users\teres\.minecraftx\instances\aeronaftics\mods\towntalk-1.2.0.jar,52301863
aeronaftics,transfer_labels,Transfer Labels,0.1.7,neoforge,transfer_labels-0.1.7.jar,no,,C:\Users\teres\.minecraftx\instances\aeronaftics\mods\transfer_labels-0.1.7.jar,155537
aeronaftics,trashcans,Trash Cans,1.0.18+c,neoforge,trashcans-1.0.18c-neoforge-mc1.21.jar,no,,C:\Users\teres\.minecraftx\instances\aeronaftics\mods\trashcans-1.0.18c-neoforge-mc1.21.jar,159808
aeronaftics,trashslot,TrashSlot,21.1.8,neoforge,trashslot-neoforge-1.21.1-21.1.8.jar,no,,C:\Users\teres\.minecraftx\instances\aeronaftics\mods\trashslot-neoforge-1.21.1-21.1.8.jar,123953
aeronaftics,treetap,Tree Tap,1.21.1-0.4.5,neoforge,treetap-1.21.1-0.4.5.jar,no,,C:\Users\teres\.minecraftx\instances\aeronaftics\mods\treetap-1.21.1-0.4.5.jar,79670
aeronaftics,trophymanager,Jonn's Trophies,1.21.1-2.4.3,neoforge,trophymanager-1.21.1-2.4.3.jar,no,,C:\Users\teres\.minecraftx\instances\aeronaftics\mods\trophymanager-1.21.1-2.4.3.jar,82529
aeronaftics,twilightforest,The Twilight Forest,4.8.3345,neoforge,twilightforest-1.21.1-4.8.3345-universal.jar,no,,C:\Users\teres\.minecraftx\instances\aeronaftics\mods\twilightforest-1.21.1-4.8.3345-universal.jar,27154121
aeronaftics,undergarden,The Undergarden,0.9.6,neoforge,The_Undergarden-1.21.1-0.9.6.jar,no,,C:\Users\teres\.minecraftx\instances\aeronaftics\mods\The_Undergarden-1.21.1-0.9.6.jar,45294936
aeronaftics,underground_villages,Underground Villages Mod,${file.jarVersion},neoforge,UndergroundVillages-neoforge-1.21.1-4.0.3.jar,no,,C:\Users\teres\.minecraftx\instances\aeronaftics\mods\UndergroundVillages-neoforge-1.21.1-4.0.3.jar,282058
aeronaftics,universalgrid,Universal Grid,1.21.1-0.3.0,neoforge,universalgrid-neoforge-1.21.1-0.3.0.jar,no,,C:\Users\teres\.minecraftx\instances\aeronaftics\mods\universalgrid-neoforge-1.21.1-0.3.0.jar,91089
aeronaftics,unknown:scalablecatsforce-neoforge-3.7.1-build-11-with-library,ScalableCatsForce-NeoForge-3.7.1-build-11-with-library,,unknown,ScalableCatsForce-NeoForge-3.7.1-build-11-with-library.jar,no,,C:\Users\teres\.minecraftx\instances\aeronaftics\mods\ScalableCatsForce-NeoForge-3.7.1-build-11-with-library.jar,16872119
aeronaftics,uranus,Uranus,2.4,neoforge,uranus-2.4-1.21.1-neoforge.jar,no,,C:\Users\teres\.minecraftx\instances\aeronaftics\mods\uranus-2.4-1.21.1-neoforge.jar,847484
aeronaftics,utilitarian,Utilitarian,1.21.1-0.19.0,neoforge,utilitarian-1.21.1-0.19.0.jar,no,,C:\Users\teres\.minecraftx\instances\aeronaftics\mods\utilitarian-1.21.1-0.19.0.jar,621666
aeronaftics,utilityvest,Utility vest,1.2.6,neoforge,utilityvest-1.2.6.jar,no,,C:\Users\teres\.minecraftx\instances\aeronaftics\mods\utilityvest-1.2.6.jar,214312
aeronaftics,valhelsia_core,Valhelsia Core,1.1.5,neoforge,valhelsia_core-neoforge-1.21.1-1.1.5.jar,no,,C:\Users\teres\.minecraftx\instances\aeronaftics\mods\valhelsia_core-neoforge-1.21.1-1.1.5.jar,181277
aeronaftics,variantsandventures,Variants&Ventures,1.0.23,neoforge,variantsandventures-neoforge-1.0.23%2Bmc1.21.1.jar,no,,C:\Users\teres\.minecraftx\instances\aeronaftics\mods\variantsandventures-neoforge-1.0.23%2Bmc1.21.1.jar,1076276
aeronaftics,villagesandpillages,Villages & Pillages,1.0.3,neoforge,villagesandpillages-neoforge-mc1.21.1-1.0.3.jar,no,,C:\Users\teres\.minecraftx\instances\aeronaftics\mods\villagesandpillages-neoforge-mc1.21.1-1.0.3.jar,241257
aeronaftics,wirelesschargers,Wireless Chargers,1.0.9+a,neoforge,wirelesschargers-1.0.9a-neoforge-mc1.21.jar,no,,C:\Users\teres\.minecraftx\instances\aeronaftics\mods\wirelesschargers-1.0.9a-neoforge-mc1.21.jar,315836
aeronaftics,wits,WITS,1.3.0+1.21-neoforge,neoforge,wits-1.3.0+1.21-neoforge.jar,no,,C:\Users\teres\.minecraftx\instances\aeronaftics\mods\wits-1.3.0+1.21-neoforge.jar,12231
aeronaftics,wstweaks,Wither Skeleton Tweaks,10.1.1,neoforge,WitherSkeletonTweaks-1.21.1-10.1.1.jar,no,,C:\Users\teres\.minecraftx\instances\aeronaftics\mods\WitherSkeletonTweaks-1.21.1-10.1.1.jar,21929
aeronaftics,xnet,XNet,${file.jarVersion},neoforge,xnet-1.21-7.0.6.jar,no,,C:\Users\teres\.minecraftx\instances\aeronaftics\mods\xnet-1.21-7.0.6.jar,609288
aeronaftics,xtonesreworked,XTones Reworked,1.1.1-1.21.1,neoforge,xtonesreworked-1.1.1-1.21.1.jar,no,,C:\Users\teres\.minecraftx\instances\aeronaftics\mods\xtonesreworked-1.1.1-1.21.1.jar,1276690
aeronaftics,xycraft_core,XyCraft Core,0.7.53,neoforge,xycraft_core-0.7.53-all.jar,no,,C:\Users\teres\.minecraftx\instances\aeronaftics\mods\xycraft_core-0.7.53-all.jar,2327963
aeronaftics,xycraft_machines,XyCraft Machines,0.7.53,neoforge,xycraft_machines-0.7.53.jar,no,,C:\Users\teres\.minecraftx\instances\aeronaftics\mods\xycraft_machines-0.7.53.jar,3056398
aeronaftics,xycraft_override,XyCraft Override,0.7.53,neoforge,xycraft_override-0.7.53.jar,no,,C:\Users\teres\.minecraftx\instances\aeronaftics\mods\xycraft_override-0.7.53.jar,905075
aeronaftics,xycraft_world,XyCraft World,0.7.53,neoforge,xycraft_world-0.7.53.jar,no,,C:\Users\teres\.minecraftx\instances\aeronaftics\mods\xycraft_world-0.7.53.jar,1224337
aeronaftics,yeetusexperimentus,Yeetus Experimentus,87.0.0,neoforge,yeetusexperimentus-neoforge-87.0.0.jar,no,,C:\Users\teres\.minecraftx\instances\aeronaftics\mods\yeetusexperimentus-neoforge-87.0.0.jar,570057
aeronaftics,yungsextras,YUNG's Extras,1.21.1-NeoForge-5.1.1,neoforge,YungsExtras-1.21.1-NeoForge-5.1.1.jar,no,,C:\Users\teres\.minecraftx\instances\aeronaftics\mods\YungsExtras-1.21.1-NeoForge-5.1.1.jar,198183
aeronaftics,zerocore,Zero CORE 2,1.21.1-2.4.21,neoforge,ZeroCore2-1.21.1-2.4.21.jar,no,,C:\Users\teres\.minecraftx\instances\aeronaftics\mods\ZeroCore2-1.21.1-2.4.21.jar,1551013
