source,mod_id,name,version,loader,file,reason,neo_file,neo_version,path
createaero_patched,advancedperipherals,Advanced Peripherals,0.7.61b,neoforge,AdvancedPeripherals-1.21.1-0.7.61b.jar,CreateAERO base mod copied,,,C:\Users\teres\.minecraftx\instances\CreateAERO 1.0 patched-1.0\mods\AdvancedPeripherals-1.21.1-0.7.61b.jar
createaero_patched,aerocopycats,aero_copycats,1.1.0,neoforge,aerocopycats-1.1.1.jar,CreateAERO base mod copied,,,C:\Users\teres\.minecraftx\instances\CreateAERO 1.0 patched-1.0\mods\aerocopycats-1.1.1.jar
createaero_patched,aeronautics_bundled,Create Aeronautics,1.2.1,neoforge,create-aeronautics-bundled-1.21.1-1.2.1.jar,CreateAERO base mod copied,,,C:\Users\teres\.minecraftx\instances\CreateAERO 1.0 patched-1.0\mods\create-aeronautics-bundled-1.21.1-1.2.1.jar
createaero_patched,aeronauticscompat,AeronauticsCompat,1.1.2,neoforge,aeronauticscompat-1.1.2.jar,CreateAERO base mod copied,,,C:\Users\teres\.minecraftx\instances\CreateAERO 1.0 patched-1.0\mods\aeronauticscompat-1.1.2.jar
createaero_patched,aeroworks,Create: Aeroworks,1.2.9,neoforge,aeroworks-1.2.9.jar,CreateAERO base mod copied,,,C:\Users\teres\.minecraftx\instances\CreateAERO 1.0 patched-1.0\mods\aeroworks-1.2.9.jar
createaero_patched,appleskin,AppleSkin,${file.jarVersion},neoforge,appleskin-neoforge-mc1.21-3.0.9.jar,CreateAERO base mod copied,,,C:\Users\teres\.minecraftx\instances\CreateAERO 1.0 patched-1.0\mods\appleskin-neoforge-mc1.21-3.0.9.jar
createaero_patched,architectury,Architectury,13.0.8,neoforge,architectury-13.0.8-neoforge.jar,CreateAERO base mod copied,,,C:\Users\teres\.minecraftx\instances\CreateAERO 1.0 patched-1.0\mods\architectury-13.0.8-neoforge.jar
createaero_patched,authme,Auth Me,9.0.1+1.21.1,neoforge,authme-neoforge-9.0.1+1.21.1.jar,CreateAERO base mod copied,,,C:\Users\teres\.minecraftx\instances\CreateAERO 1.0 patched-1.0\mods\authme-neoforge-9.0.1+1.21.1.jar
createaero_patched,azurelib,AzureLib,3.1.8,neoforge,azurelib-neo-1.21.1-3.1.8.jar,CreateAERO base mod copied,,,C:\Users\teres\.minecraftx\instances\CreateAERO 1.0 patched-1.0\mods\azurelib-neo-1.21.1-3.1.8.jar
createaero_patched,badoptimizations,BadOptimizations,2.4.1,fabric,BadOptimizations-2.4.1-1.21.1.jar,CreateAERO base mod copied,,,C:\Users\teres\.minecraftx\instances\CreateAERO 1.0 patched-1.0\mods\BadOptimizations-2.4.1-1.21.1.jar
createaero_patched,bellsandwhistles,Create: Bells & Whistles,0.4.7-1.21.1,neoforge,bellsandwhistles-0.4.7-1.21.1.jar,CreateAERO base mod copied,,,C:\Users\teres\.minecraftx\instances\CreateAERO 1.0 patched-1.0\mods\bellsandwhistles-0.4.7-1.21.1.jar
createaero_patched,bigcontraptions,Create: Big Contraptions,1.0,neoforge,bigcontraptions-neoforge-1.0.jar,CreateAERO base mod copied,,,C:\Users\teres\.minecraftx\instances\CreateAERO 1.0 patched-1.0\mods\bigcontraptions-neoforge-1.0.jar
createaero_patched,bits_n_bobs,Create Bits 'n' Bobs,0.0.44,neoforge,bits_n_bobs-0.0.44.jar,CreateAERO base mod copied,,,C:\Users\teres\.minecraftx\instances\CreateAERO 1.0 patched-1.0\mods\bits_n_bobs-0.0.44.jar
createaero_patched,bookshelf,Bookshelf,21.1.81,neoforge,bookshelf-neoforge-1.21.1-21.1.81.jar,CreateAERO base mod copied,,,C:\Users\teres\.minecraftx\instances\CreateAERO 1.0 patched-1.0\mods\bookshelf-neoforge-1.21.1-21.1.81.jar
createaero_patched,catalogue,Catalogue,1.11.2,neoforge,catalogue-neoforge-1.21.1-1.11.2.jar,CreateAERO base mod copied,,,C:\Users\teres\.minecraftx\instances\CreateAERO 1.0 patched-1.0\mods\catalogue-neoforge-1.21.1-1.11.2.jar
createaero_patched,cc_sable,CC: Sable,1.2.3,neoforge,cc_sable-neoforge-1.2.3.jar,CreateAERO base mod copied,,,C:\Users\teres\.minecraftx\instances\CreateAERO 1.0 patched-1.0\mods\cc_sable-neoforge-1.2.3.jar
createaero_patched,ccbr,Create: CC Better Recipes,1.2.0,neoforge,ccbr-1.2.0-neoforge-1.21.1.jar,CreateAERO base mod copied,,,C:\Users\teres\.minecraftx\instances\CreateAERO 1.0 patched-1.0\mods\ccbr-1.2.0-neoforge-1.21.1.jar
createaero_patched,cccbridge,CC:C Bridge,1.7.2,neoforge,cccbridge-mc1.21.1-v1.7.2-neoforge.jar,CreateAERO base mod copied,,,C:\Users\teres\.minecraftx\instances\CreateAERO 1.0 patched-1.0\mods\cccbridge-mc1.21.1-v1.7.2-neoforge.jar
createaero_patched,ccgraphics,CC: Graphics,0.1.5,neoforge,ccgraphics-1.21.1-forge-0.1.5.jar,CreateAERO base mod copied,,,C:\Users\teres\.minecraftx\instances\CreateAERO 1.0 patched-1.0\mods\ccgraphics-1.21.1-forge-0.1.5.jar
createaero_patched,ccredstonelinkbridge,CC Redstone Link Bridge,1.0.0,neoforge,ccredstonelinkbridge-neoforge-1.0.3.jar,CreateAERO base mod copied,,,C:\Users\teres\.minecraftx\instances\CreateAERO 1.0 patched-1.0\mods\ccredstonelinkbridge-neoforge-1.0.3.jar
createaero_patched,ccsecureboot,CCSecureBoot,1.0.2,neoforge,CCSecureBoot-1.0.2-neoforge-1.21.1.jar,CreateAERO base mod copied,,,C:\Users\teres\.minecraftx\instances\CreateAERO 1.0 patched-1.0\mods\CCSecureBoot-1.0.2-neoforge-1.21.1.jar
createaero_patched,ccterminals,CC: Terminals,0.1.0,neoforge,ccterminals-1.21.1-forge-0.1.0.jar,CreateAERO base mod copied,,,C:\Users\teres\.minecraftx\instances\CreateAERO 1.0 patched-1.0\mods\ccterminals-1.21.1-forge-0.1.0.jar
createaero_patched,chat_heads,Chat Heads,0.15.1,neoforge,chat_heads-0.15.1-neoforge-1.21.jar,CreateAERO base mod copied,,,C:\Users\teres\.minecraftx\instances\CreateAERO 1.0 patched-1.0\mods\chat_heads-0.15.1-neoforge-1.21.jar
createaero_patched,chunky,Chunky,1.4.23,neoforge,Chunky-NeoForge-1.4.23.jar,CreateAERO base mod copied,,,C:\Users\teres\.minecraftx\instances\CreateAERO 1.0 patched-1.0\mods\Chunky-NeoForge-1.4.23.jar
createaero_patched,classicperipherals,Classic Peripherals,0.4.2.1,neoforge,classicperipherals-0.4.2.1-neoforge-1.21.1.jar,CreateAERO base mod copied,,,C:\Users\teres\.minecraftx\instances\CreateAERO 1.0 patched-1.0\mods\classicperipherals-0.4.2.1-neoforge-1.21.1.jar
createaero_patched,clean-debug,Clean F3,0.4.9,fabric,CleanF3-mc1.21.1-0.4.9.jar,CreateAERO base mod copied,,,C:\Users\teres\.minecraftx\instances\CreateAERO 1.0 patched-1.0\mods\CleanF3-mc1.21.1-0.4.9.jar
createaero_patched,cloth_config,Cloth Config v15 API,15.0.140,neoforge,cloth-config-15.0.140-neoforge.jar,CreateAERO base mod copied,,,C:\Users\teres\.minecraftx\instances\CreateAERO 1.0 patched-1.0\mods\cloth-config-15.0.140-neoforge.jar
createaero_patched,colorwheel,Colorwheel,1.2.4+mc1.21.1,neoforge,colorwheel-neoforge-1.2.4+mc1.21.1.jar,CreateAERO base mod copied,,,C:\Users\teres\.minecraftx\instances\CreateAERO 1.0 patched-1.0\mods\colorwheel-neoforge-1.2.4+mc1.21.1.jar
createaero_patched,colorwheel_patcher,Colorwheel Patcher,1.0.5+mc1.21.1,neoforge,colorwheel_patcher-neoforge-1.0.5+mc1.21.1.jar,CreateAERO base mod copied,,,C:\Users\teres\.minecraftx\instances\CreateAERO 1.0 patched-1.0\mods\colorwheel_patcher-neoforge-1.0.5+mc1.21.1.jar
createaero_patched,computercraft,CC: Tweaked,1.118.0,neoforge,cc-tweaked-1.21.1-forge-1.118.0.jar,CreateAERO base mod copied,,,C:\Users\teres\.minecraftx\instances\CreateAERO 1.0 patched-1.0\mods\cc-tweaked-1.21.1-forge-1.118.0.jar
createaero_patched,config_manager,Config Manager,1.0.1,neoforge,ConfigManager-neoforge-1.21.x-1.0.1.jar,CreateAERO base mod copied,,,C:\Users\teres\.minecraftx\instances\CreateAERO 1.0 patched-1.0\mods\ConfigManager-neoforge-1.21.x-1.0.1.jar
createaero_patched,connectorextras,Connector Extras,${file.jarVersion},neoforge,ConnectorExtras-1.12.1+1.21.1.jar,CreateAERO base mod copied,,,C:\Users\teres\.minecraftx\instances\CreateAERO 1.0 patched-1.0\mods\ConnectorExtras-1.12.1+1.21.1.jar
createaero_patched,copycats,Create: Copycats+,3.0.4+mc.1.21.1-neoforge,neoforge,copycats-3.0.4+mc.1.21.1-neoforge.jar,CreateAERO base mod copied,,,C:\Users\teres\.minecraftx\instances\CreateAERO 1.0 patched-1.0\mods\copycats-3.0.4+mc.1.21.1-neoforge.jar
createaero_patched,cpm,Customizable Player Models,-,fabric,CustomPlayerModels-1.21-0.6.25a (1).jar,CreateAERO base mod copied,,,C:\Users\teres\.minecraftx\instances\CreateAERO 1.0 patched-1.0\mods\CustomPlayerModels-1.21-0.6.25a (1).jar
createaero_patched,create,Create,6.0.10,neoforge,create-1.21.1-6.0.10.jar,CreateAERO base mod copied,,,C:\Users\teres\.minecraftx\instances\CreateAERO 1.0 patched-1.0\mods\create-1.21.1-6.0.10.jar
createaero_patched,create_aquatic_ambitions,Create Aquatic Ambitions,2.0.2,neoforge,create_aquatic_ambitions-1.21.1-2.0.2.jar,CreateAERO base mod copied,,,C:\Users\teres\.minecraftx\instances\CreateAERO 1.0 patched-1.0\mods\create_aquatic_ambitions-1.21.1-2.0.2.jar
createaero_patched,create_bb,Create: Blocks & Bogies,1.0.7,neoforge,create_bb-1.0.7-1.21.1-Neoforge.jar,CreateAERO base mod copied,,,C:\Users\teres\.minecraftx\instances\CreateAERO 1.0 patched-1.0\mods\create_bb-1.0.7-1.21.1-Neoforge.jar
createaero_patched,create_bic_bit,Create: Bitterballen,1.0.2C,neoforge,create_bic_bit-1.0.2C.jar,CreateAERO base mod copied,,,C:\Users\teres\.minecraftx\instances\CreateAERO 1.0 patched-1.0\mods\create_bic_bit-1.0.2C.jar
createaero_patched,create_central_kitchen,Create: Central Kitchen,2.4.0,neoforge,create-central-kitchen-2.4.0.jar,CreateAERO base mod copied,,,C:\Users\teres\.minecraftx\instances\CreateAERO 1.0 patched-1.0\mods\create-central-kitchen-2.4.0.jar
createaero_patched,create_compatible_storage,Create: Compatible Storage,2.11.0-neoforge,neoforge,create_compatible_storage-2.11.0-neoforge.jar,CreateAERO base mod copied,,,C:\Users\teres\.minecraftx\instances\CreateAERO 1.0 patched-1.0\mods\create_compatible_storage-2.11.0-neoforge.jar
createaero_patched,create_confectionery,Create Confectionery,1.1.3.,neoforge,create-confectionery1.21.1_v1.1.3b.jar,CreateAERO base mod copied,,,C:\Users\teres\.minecraftx\instances\CreateAERO 1.0 patched-1.0\mods\create-confectionery1.21.1_v1.1.3b.jar
createaero_patched,create_connected,Create: Connected,1.1.16-mc1.21.1,neoforge,create_connected-1.1.16-mc1.21.1.jar,CreateAERO base mod copied,,,C:\Users\teres\.minecraftx\instances\CreateAERO 1.0 patched-1.0\mods\create_connected-1.1.16-mc1.21.1.jar
createaero_patched,create_cyber_goggles,Create: Cyber Goggles,7.5.9,neoforge,CreateCyberGoggles-1.21.1-7.5.9-NeoForge.jar,CreateAERO base mod copied,,,C:\Users\teres\.minecraftx\instances\CreateAERO 1.0 patched-1.0\mods\CreateCyberGoggles-1.21.1-7.5.9-NeoForge.jar
createaero_patched,create_dragons_plus,Create: Dragons Plus,1.10.0b,neoforge,CreateDragonsPlus-1.10.0b.jar,CreateAERO base mod copied,,,C:\Users\teres\.minecraftx\instances\CreateAERO 1.0 patched-1.0\mods\CreateDragonsPlus-1.10.0b.jar
createaero_patched,create_enchantment_industry,Create: Enchantment Industry,2.3.1,neoforge,create-enchantment-industry-2.3.1.jar,CreateAERO base mod copied,,,C:\Users\teres\.minecraftx\instances\CreateAERO 1.0 patched-1.0\mods\create-enchantment-industry-2.3.1.jar
createaero_patched,create_factory,Create: Factory,0.7a-1.21.1,neoforge,create_factory-0.7a-1.21.1.jar,CreateAERO base mod copied,,,C:\Users\teres\.minecraftx\instances\CreateAERO 1.0 patched-1.0\mods\create_factory-0.7a-1.21.1.jar
createaero_patched,create_hypertube,Create Hypertube,0.4.0-COMPAT,neoforge,create_hypertube-0.4.0-COMPAT-NEOFORGE.jar,CreateAERO base mod copied,,,C:\Users\teres\.minecraftx\instances\CreateAERO 1.0 patched-1.0\mods\create_hypertube-0.4.0-COMPAT-NEOFORGE.jar
createaero_patched,create_integrated_farming,Create: Integrated Farming,1.2.2,neoforge,create-integrated-farming-1.2.2.jar,CreateAERO base mod copied,,,C:\Users\teres\.minecraftx\instances\CreateAERO 1.0 patched-1.0\mods\create-integrated-farming-1.2.2.jar
createaero_patched,create_jetpack,Create Jetpack,5.1.2,neoforge,create_jetpack-forge-5.1.2.jar,CreateAERO base mod copied,,,C:\Users\teres\.minecraftx\instances\CreateAERO 1.0 patched-1.0\mods\create_jetpack-forge-5.1.2.jar
createaero_patched,create_ltab,Create Let The Adventure Begin,3.9.1,fabric,create_ltab-3.9.2.jar,CreateAERO base mod copied,,,C:\Users\teres\.minecraftx\instances\CreateAERO 1.0 patched-1.0\mods\create_ltab-3.9.2.jar
createaero_patched,create_mechanical_spawner,Create: Mechanical spawner,1.3.0-6.0.8,neoforge,create_mechanical_spawner-1.21.1-1.3.0-6.0.8.jar,CreateAERO base mod copied,,,C:\Users\teres\.minecraftx\instances\CreateAERO 1.0 patched-1.0\mods\create_mechanical_spawner-1.21.1-1.3.0-6.0.8.jar
createaero_patched,create_new_age,Create: New Age,1.1.7c+mc1.21.1,neoforge,create-new-age-1.1.7c+neoforge-mc1.21.1.jar,CreateAERO base mod copied,,,C:\Users\teres\.minecraftx\instances\CreateAERO 1.0 patched-1.0\mods\create-new-age-1.1.7c+neoforge-mc1.21.1.jar
createaero_patched,create_ore_excavation_plus,Create ore excavation Plus,0.2.5,neoforge,create_ore_excavation_plus-0.2.5-1.21.1.jar,CreateAERO base mod copied,,,C:\Users\teres\.minecraftx\instances\CreateAERO 1.0 patched-1.0\mods\create_ore_excavation_plus-0.2.5-1.21.1.jar
createaero_patched,create_power_loader,Create: Power Loader,2.0.4-mc1.21.1,neoforge,create_power_loader-2.0.4-mc1.21.1.jar,CreateAERO base mod copied,,,C:\Users\teres\.minecraftx\instances\CreateAERO 1.0 patched-1.0\mods\create_power_loader-2.0.4-mc1.21.1.jar
createaero_patched,create_radar,Create: Radars,0.4.4-8,neoforge,create_radar-0.4.4-8+mc1.21.1.jar,CreateAERO base mod copied,,,C:\Users\teres\.minecraftx\instances\CreateAERO 1.0 patched-1.0\mods\create_radar-0.4.4-8+mc1.21.1.jar
createaero_patched,create_sa,Create Stuff 'N Additions,2.1.0.,neoforge,create-stuff-additions1.21.1_v2.1.0e.jar,CreateAERO base mod copied,,,C:\Users\teres\.minecraftx\instances\CreateAERO 1.0 patched-1.0\mods\create-stuff-additions1.21.1_v2.1.0e.jar
createaero_patched,create_structures_arise,Create: Structures Arise,175.48.47,neoforge,create_structures_arise NeoForge 1.21.1 -175.48.47.jar,CreateAERO base mod copied,,,C:\Users\teres\.minecraftx\instances\CreateAERO 1.0 patched-1.0\mods\create_structures_arise NeoForge 1.21.1 -175.48.47.jar
createaero_patched,create_tweaked_controllers,Create Tweaked Controllers,1.21.1-1.2.7,neoforge,create_tweaked_controllers-1.21.1-1.2.7.jar,CreateAERO base mod copied,,,C:\Users\teres\.minecraftx\instances\CreateAERO 1.0 patched-1.0\mods\create_tweaked_controllers-1.21.1-1.2.7.jar
createaero_patched,create_ultimate_factory,Create: Ultimate Factory,2.2.4,neoforge,create_ultimate_factory-2.2.4-neoforge-1.21.1.jar,CreateAERO base mod copied,,,C:\Users\teres\.minecraftx\instances\CreateAERO 1.0 patched-1.0\mods\create_ultimate_factory-2.2.4-neoforge-1.21.1.jar
createaero_patched,create_vibrant_vaults,Create: Vibrant Vaults,0.3.2,neoforge,create_vibrant_vaults-0.3.2.jar,CreateAERO base mod copied,,,C:\Users\teres\.minecraftx\instances\CreateAERO 1.0 patched-1.0\mods\create_vibrant_vaults-0.3.2.jar
createaero_patched,createaddition,Create Crafts & Additions,1.5.10,neoforge,createaddition-1.5.10.jar,CreateAERO base mod copied,,,C:\Users\teres\.minecraftx\instances\CreateAERO 1.0 patched-1.0\mods\createaddition-1.5.10.jar
createaero_patched,createbetterfps,CreateBetterFps,1.1.4,neoforge,createbetterfps-1.21.1-1.1.4.jar,CreateAERO base mod copied,,,C:\Users\teres\.minecraftx\instances\CreateAERO 1.0 patched-1.0\mods\createbetterfps-1.21.1-1.1.4.jar
createaero_patched,createcasing,Create Encased,1.8-ht2,neoforge,Create Encased-1.21.1-1.8-ht2.jar,CreateAERO base mod copied,,,C:\Users\teres\.minecraftx\instances\CreateAERO 1.0 patched-1.0\mods\Create Encased-1.21.1-1.8-ht2.jar
createaero_patched,createcontraptionterminals,Create Contraption Terminals,${file.jarVersion},neoforge,createcontraptionterminals-1.21-1.3.0.jar,CreateAERO base mod copied,,,C:\Users\teres\.minecraftx\instances\CreateAERO 1.0 patched-1.0\mods\createcontraptionterminals-1.21-1.3.0.jar
createaero_patched,createdeco,Create Deco,2.1.3,neoforge,createdeco-2.1.3.jar,CreateAERO base mod copied,,,C:\Users\teres\.minecraftx\instances\CreateAERO 1.0 patched-1.0\mods\createdeco-2.1.3.jar
createaero_patched,createdieselgenerators,Create Diesel Generators,1.21.1-1.3.11,neoforge,createdieselgenerators-1.21.1-1.3.11.jar,CreateAERO base mod copied,,,C:\Users\teres\.minecraftx\instances\CreateAERO 1.0 patched-1.0\mods\createdieselgenerators-1.21.1-1.3.11.jar
createaero_patched,createdynlight,Create Dynamic Lights,2.3.1-sodium-sable,neoforge,create-dyn-light-2.3.1-sodium-sable.jar,CreateAERO base mod copied,,,C:\Users\teres\.minecraftx\instances\CreateAERO 1.0 patched-1.0\mods\create-dyn-light-2.3.1-sodium-sable.jar
createaero_patched,createenchantablemachinery,Create: Enchantable Machinery,3.6.0,neoforge,createenchantablemachinery-3.6.0+mc1.21.1-neoforge.jar,CreateAERO base mod copied,,,C:\Users\teres\.minecraftx\instances\CreateAERO 1.0 patched-1.0\mods\createenchantablemachinery-3.6.0+mc1.21.1-neoforge.jar
createaero_patched,createendertransmission,Create Ender Transmission,2.1.1-1.21.1,neoforge,createendertransmission-2.1.1-1.21.1.jar,CreateAERO base mod copied,,,C:\Users\teres\.minecraftx\instances\CreateAERO 1.0 patched-1.0\mods\createendertransmission-2.1.1-1.21.1.jar
createaero_patched,createentitycontrol,Create:Entity Control,0.3.8.4-6.0.x,neoforge,CreateEntityControl-0.3.8.4-6.0.x-neoforge-1.21.1.jar,CreateAERO base mod copied,,,C:\Users\teres\.minecraftx\instances\CreateAERO 1.0 patched-1.0\mods\CreateEntityControl-0.3.8.4-6.0.x-neoforge-1.21.1.jar
createaero_patched,createfastschematiccannon,Create: Fast Schematic Cannon,1.4.1-neoforge,neoforge,CreateFastSchematicCannon-1.4.1-neoforge-1.21.1.jar,CreateAERO base mod copied,,,C:\Users\teres\.minecraftx\instances\CreateAERO 1.0 patched-1.0\mods\CreateFastSchematicCannon-1.4.1-neoforge-1.21.1.jar
createaero_patched,createfood,Create: Food,2.4.0,neoforge,createfood-neoforge-1.21.1-2.4.0.jar,CreateAERO base mod copied,,,C:\Users\teres\.minecraftx\instances\CreateAERO 1.0 patched-1.0\mods\createfood-neoforge-1.21.1-2.4.0.jar
createaero_patched,creategoggles,Create Goggles,6.1.1,neoforge,creategoggles-1.21.1-6.1.1-[NEOFORGE].jar,CreateAERO base mod copied,,,C:\Users\teres\.minecraftx\instances\CreateAERO 1.0 patched-1.0\mods\creategoggles-1.21.1-6.1.1-[NEOFORGE].jar
createaero_patched,createlazytick,Create:Lazy Tick,2.4.9-6.0.x,neoforge,CreateLazyTick-2.4.9-6.0.x-neoforge-1.21.1.jar,CreateAERO base mod copied,,,C:\Users\teres\.minecraftx\instances\CreateAERO 1.0 patched-1.0\mods\CreateLazyTick-2.4.9-6.0.x-neoforge-1.21.1.jar
createaero_patched,createliquidfuel,Create Liquid Fuel,2.1.1-1.21.1,neoforge,createliquidfuel-2.1.1-1.21.1.jar,CreateAERO base mod copied,,,C:\Users\teres\.minecraftx\instances\CreateAERO 1.0 patched-1.0\mods\createliquidfuel-2.1.1-1.21.1.jar
createaero_patched,createoreexcavation,Create Ore Excavation,1.6.8,neoforge,createoreexcavation-1.21-1.6.8.jar,CreateAERO base mod copied,,,C:\Users\teres\.minecraftx\instances\CreateAERO 1.0 patched-1.0\mods\createoreexcavation-1.21-1.6.8.jar
createaero_patched,createpickywheels,Create Picky Wheels,1.21.1-6.0.9-6,neoforge,createpickywheels-neoforge-1.21.1-6.0.9-6.jar,CreateAERO base mod copied,,,C:\Users\teres\.minecraftx\instances\CreateAERO 1.0 patched-1.0\mods\createpickywheels-neoforge-1.21.1-6.0.9-6.jar
createaero_patched,createpropulsion,Create Propulsion: Simulated,1.1.2,neoforge,createpropulsion-1.1.2.jar,CreateAERO base mod copied,,,C:\Users\teres\.minecraftx\instances\CreateAERO 1.0 patched-1.0\mods\createpropulsion-1.1.2.jar
createaero_patched,createrailwaysnavigator,Create Railways Navigator,1.21.1-beta-0.9.0-C6,neoforge,createrailwaysnavigator-neoforge-1.21.1-beta-0.9.0-C6.jar,CreateAERO base mod copied,,,C:\Users\teres\.minecraftx\instances\CreateAERO 1.0 patched-1.0\mods\createrailwaysnavigator-neoforge-1.21.1-beta-0.9.0-C6.jar
createaero_patched,createschematicchecker,Create:Schematic Checker,1.21.23-6.0,neoforge,createschematicchecker-1.21.23-6.0-neoforge-1.21.1.jar,CreateAERO base mod copied,,,C:\Users\teres\.minecraftx\instances\CreateAERO 1.0 patched-1.0\mods\createschematicchecker-1.21.23-6.0-neoforge-1.21.1.jar
createaero_patched,createthreadedtrains,Create: Threaded Trains,1.0.0,neoforge,createthreadedtrains-neoforge-1.21.1-1.0.0.jar,CreateAERO base mod copied,,,C:\Users\teres\.minecraftx\instances\CreateAERO 1.0 patched-1.0\mods\createthreadedtrains-neoforge-1.21.1-1.0.0.jar
createaero_patched,createtransmission,Create: Transmission,1.1.2+neoforge-create6-1.21.1,neoforge,createtransmission-1.1.2+neoforge-create6-1.21.1.jar,CreateAERO base mod copied,,,C:\Users\teres\.minecraftx\instances\CreateAERO 1.0 patched-1.0\mods\createtransmission-1.1.2+neoforge-create6-1.21.1.jar
createaero_patched,crowns,Creating Rotation Operated With Nuclear Science,2.1.5,neoforge,crowns-1.21.1-2.1.6.jar,CreateAERO base mod copied,,,C:\Users\teres\.minecraftx\instances\CreateAERO 1.0 patched-1.0\mods\crowns-1.21.1-2.1.6.jar
createaero_patched,curios,Curios API,9.5.1+1.21.1,neoforge,curios-neoforge-9.5.1+1.21.1.jar,CreateAERO base mod copied,,,C:\Users\teres\.minecraftx\instances\CreateAERO 1.0 patched-1.0\mods\curios-neoforge-9.5.1+1.21.1.jar
createaero_patched,dndecor,Design n' Decor,2.1.0,neoforge,Design-n-Decor-1.21.1-2.1.0.jar,CreateAERO base mod copied,,,C:\Users\teres\.minecraftx\instances\CreateAERO 1.0 patched-1.0\mods\Design-n-Decor-1.21.1-2.1.0.jar
createaero_patched,dndesires,Create: Dreams n' Desires,2.3a-BETA,neoforge,DnDesires-1.21.1-2.3a-BETA.jar,CreateAERO base mod copied,,,C:\Users\teres\.minecraftx\instances\CreateAERO 1.0 patched-1.0\mods\DnDesires-1.21.1-2.3a-BETA.jar
createaero_patched,dragonlib,DragonLib,1.21.1-beta-3.0.26,neoforge,dragonlib-neoforge-1.21.1-beta-3.0.26.jar,CreateAERO base mod copied,,,C:\Users\teres\.minecraftx\instances\CreateAERO 1.0 patched-1.0\mods\dragonlib-neoforge-1.21.1-beta-3.0.26.jar
createaero_patched,emi,EMI,1.1.22+1.21.1+neoforge,neoforge,emi-1.1.22+1.21.1+neoforge.jar,CreateAERO base mod copied,,,C:\Users\teres\.minecraftx\instances\CreateAERO 1.0 patched-1.0\mods\emi-1.1.22+1.21.1+neoforge.jar
createaero_patched,emi_enchanting,EMI Enchanting,0.1.2+1.21+neoforge,neoforge,emi_enchanting-0.1.2+1.21+neoforge.jar,CreateAERO base mod copied,,,C:\Users\teres\.minecraftx\instances\CreateAERO 1.0 patched-1.0\mods\emi_enchanting-0.1.2+1.21+neoforge.jar
createaero_patched,emi_loot,EMI Loot,0.7.9+1.21+neoforge,neoforge,emi_loot-0.7.9+1.21+neoforge.jar,CreateAERO base mod copied,,,C:\Users\teres\.minecraftx\instances\CreateAERO 1.0 patched-1.0\mods\emi_loot-0.7.9+1.21+neoforge.jar
createaero_patched,emixx,EMI++,1.2.3,neoforge,emixx-neoforge-1.2.3.jar,CreateAERO base mod copied,,,C:\Users\teres\.minecraftx\instances\CreateAERO 1.0 patched-1.0\mods\emixx-neoforge-1.2.3.jar
createaero_patched,enchdesc,EnchantmentDescriptions,21.1.9,neoforge,enchdesc-neoforge-1.21.1-21.1.9.jar,CreateAERO base mod copied,,,C:\Users\teres\.minecraftx\instances\CreateAERO 1.0 patched-1.0\mods\enchdesc-neoforge-1.21.1-21.1.9.jar
createaero_patched,entityculling,EntityCulling,1.10.1,neoforge,entityculling-neoforge-1.10.1-mc1.21.1.jar,CreateAERO base mod copied,,,C:\Users\teres\.minecraftx\instances\CreateAERO 1.0 patched-1.0\mods\entityculling-neoforge-1.10.1-mc1.21.1.jar
createaero_patched,euphoria_patcher,Euphoria Patcher,1.8.6-r5.7.1-neoforge,neoforge,EuphoriaPatcher-1.8.6-r5.7.1-neoforge.jar,CreateAERO base mod copied,,,C:\Users\teres\.minecraftx\instances\CreateAERO 1.0 patched-1.0\mods\EuphoriaPatcher-1.8.6-r5.7.1-neoforge.jar
createaero_patched,explorerscompass,Explorer's Compass,1.21.1-3.4.0-neoforge,neoforge,ExplorersCompass-1.21.1-3.4.0-neoforge.jar,CreateAERO base mod copied,,,C:\Users\teres\.minecraftx\instances\CreateAERO 1.0 patched-1.0\mods\ExplorersCompass-1.21.1-3.4.0-neoforge.jar
createaero_patched,extra_mod_integrations,Extra Mod Integrations,1.0.3+1.21.1,neoforge,extra-mod-integrations-all-neoforge-1.0.3+1.21.1.jar,CreateAERO base mod copied,,,C:\Users\teres\.minecraftx\instances\CreateAERO 1.0 patched-1.0\mods\extra-mod-integrations-all-neoforge-1.0.3+1.21.1.jar
createaero_patched,fabric_api,Forgified Fabric API,${file.jarVersion},neoforge,forgified-fabric-api-0.116.7+2.2.4+1.21.1.jar,CreateAERO base mod copied,,,C:\Users\teres\.minecraftx\instances\CreateAERO 1.0 patched-1.0\mods\forgified-fabric-api-0.116.7+2.2.4+1.21.1.jar
createaero_patched,farmersdelight,Farmer's Delight,1.3.1,neoforge,FarmersDelight-1.21.1-1.3.1.jar,CreateAERO base mod copied,,,C:\Users\teres\.minecraftx\instances\CreateAERO 1.0 patched-1.0\mods\FarmersDelight-1.21.1-1.3.1.jar
createaero_patched,ferritecore,Ferrite Core,7.0.3,neoforge,ferritecore-7.0.3-neoforge.jar,CreateAERO base mod copied,,,C:\Users\teres\.minecraftx\instances\CreateAERO 1.0 patched-1.0\mods\ferritecore-7.0.3-neoforge.jar
createaero_patched,fluid,Create: Fluid,2.0.1,neoforge,fluid-2.0.1.jar,CreateAERO base mod copied,,,C:\Users\teres\.minecraftx\instances\CreateAERO 1.0 patched-1.0\mods\fluid-2.0.1.jar
createaero_patched,formicapi,Formic API,2.2.5,neoforge,formicapi-1.21.1-2.2.5.jar,CreateAERO base mod copied,,,C:\Users\teres\.minecraftx\instances\CreateAERO 1.0 patched-1.0\mods\formicapi-1.21.1-2.2.5.jar
createaero_patched,fusion,Fusion,1.2.12,neoforge,fusion-1.2.12-neoforge-mc1.21.1.jar,CreateAERO base mod copied,,,C:\Users\teres\.minecraftx\instances\CreateAERO 1.0 patched-1.0\mods\fusion-1.2.12-neoforge-mc1.21.1.jar
createaero_patched,fzzy_config,Fzzy Config,0.7.6+1.21+neoforge,neoforge,fzzy_config-0.7.6+1.21+neoforge.jar,CreateAERO base mod copied,,,C:\Users\teres\.minecraftx\instances\CreateAERO 1.0 patched-1.0\mods\fzzy_config-0.7.6+1.21+neoforge.jar
createaero_patched,garnished,Create: Garnished,26-april-foods,neoforge,garnished-april-foods-26-neoforged.jar,CreateAERO base mod copied,,,C:\Users\teres\.minecraftx\instances\CreateAERO 1.0 patched-1.0\mods\garnished-april-foods-26-neoforged.jar
createaero_patched,geckolib,GeckoLib 4,4.8.4,neoforge,geckolib-neoforge-1.21.1-4.8.4.jar,CreateAERO base mod copied,,,C:\Users\teres\.minecraftx\instances\CreateAERO 1.0 patched-1.0\mods\geckolib-neoforge-1.21.1-4.8.4.jar
createaero_patched,generator_accelerator,Generator Accelerator,1.21.1-1.1.6,neoforge,generator-accelerator-neoforge-1.21.1-1.1.6.jar,CreateAERO base mod copied,,,C:\Users\teres\.minecraftx\instances\CreateAERO 1.0 patched-1.0\mods\generator-accelerator-neoforge-1.21.1-1.1.6.jar
createaero_patched,gravestone,Gravestone Mod,1.21.1-1.0.35,neoforge,gravestone-neoforge-1.21.1-1.0.35.jar,CreateAERO base mod copied,,,C:\Users\teres\.minecraftx\instances\CreateAERO 1.0 patched-1.0\mods\gravestone-neoforge-1.21.1-1.0.35.jar
createaero_patched,immediatelyfast,ImmediatelyFast,1.6.10+1.21.1,neoforge,ImmediatelyFast-NeoForge-1.6.10+1.21.1.jar,CreateAERO base mod copied,,,C:\Users\teres\.minecraftx\instances\CreateAERO 1.0 patched-1.0\mods\ImmediatelyFast-NeoForge-1.6.10+1.21.1.jar
createaero_patched,immersive_optimization,Immersive Optimization,0.1.4,neoforge,immersive_optimization-neoforge-1.21-0.1.4.jar,CreateAERO base mod copied,,,C:\Users\teres\.minecraftx\instances\CreateAERO 1.0 patched-1.0\mods\immersive_optimization-neoforge-1.21-0.1.4.jar
createaero_patched,interiors,Create: Interiors,0.6.1,neoforge,interiors-1.21.1-neoforge-0.6.1.jar,CreateAERO base mod copied,,,C:\Users\teres\.minecraftx\instances\CreateAERO 1.0 patched-1.0\mods\interiors-1.21.1-neoforge-0.6.1.jar
createaero_patched,iris,Iris,1.8.12-snapshot+mc1.21.1-local,neoforge,iris-neoforge-1.8.12+mc1.21.1.jar,CreateAERO base mod copied,,,C:\Users\teres\.minecraftx\instances\CreateAERO 1.0 patched-1.0\mods\iris-neoforge-1.8.12+mc1.21.1.jar
createaero_patched,jade,Jade,${file.jarVersion},neoforge,Jade-1.21.1-NeoForge-15.10.5.jar,CreateAERO base mod copied,,,C:\Users\teres\.minecraftx\instances\CreateAERO 1.0 patched-1.0\mods\Jade-1.21.1-NeoForge-15.10.5.jar
createaero_patched,jadeaddons,Jade Addons,${file.jarVersion},neoforge,JadeAddons-1.21.1-NeoForge-6.1.0.jar,CreateAERO base mod copied,,,C:\Users\teres\.minecraftx\instances\CreateAERO 1.0 patched-1.0\mods\JadeAddons-1.21.1-NeoForge-6.1.0.jar
createaero_patched,jei,Just Enough Items,19.27.0.340,neoforge,jei-1.21.1-neoforge-19.27.0.340.jar,CreateAERO base mod copied,,,C:\Users\teres\.minecraftx\instances\CreateAERO 1.0 patched-1.0\mods\jei-1.21.1-neoforge-19.27.0.340.jar
createaero_patched,lithium,Lithium,0.15.3+mc1.21.1,neoforge,lithium-neoforge-0.15.3+mc1.21.1.jar,CreateAERO base mod copied,,,C:\Users\teres\.minecraftx\instances\CreateAERO 1.0 patched-1.0\mods\lithium-neoforge-0.15.3+mc1.21.1.jar
createaero_patched,mechanicals,Mechanicals Lib,1.1.0,neoforge,mechanicals-1.21.1-1.1.0.jar,CreateAERO base mod copied,,,C:\Users\teres\.minecraftx\instances\CreateAERO 1.0 patched-1.0\mods\mechanicals-1.21.1-1.1.0.jar
createaero_patched,midnightlib,MidnightLib,1.9.3,neoforge,midnightlib-neoforge-1.9.3+1.21.1.jar,CreateAERO base mod copied,,,C:\Users\teres\.minecraftx\instances\CreateAERO 1.0 patched-1.0\mods\midnightlib-neoforge-1.9.3+1.21.1.jar
createaero_patched,modernfix,ModernFix,5.27.5+mc1.21.1,neoforge,modernfix-neoforge-5.27.5+mc1.21.1.jar,CreateAERO base mod copied,,,C:\Users\teres\.minecraftx\instances\CreateAERO 1.0 patched-1.0\mods\modernfix-neoforge-5.27.5+mc1.21.1.jar
createaero_patched,molten_vents,Molten Vents,2.1.1,neoforge,molten_vents-1.21.1-2.1.1.jar,CreateAERO base mod copied,,,C:\Users\teres\.minecraftx\instances\CreateAERO 1.0 patched-1.0\mods\molten_vents-1.21.1-2.1.1.jar
createaero_patched,moonlight,Moonlight Lib,1.21.1-3.0.5,neoforge,moonlight-neoforge-1.21.1-3.0.5.jar,CreateAERO base mod copied,,,C:\Users\teres\.minecraftx\instances\CreateAERO 1.0 patched-1.0\mods\moonlight-neoforge-1.21.1-3.0.5.jar
createaero_patched,moreculling,More Culling,1.0.7,neoforge,moreculling-neoforge-1.21.1-1.0.7.jar,CreateAERO base mod copied,,,C:\Users\teres\.minecraftx\instances\CreateAERO 1.0 patched-1.0\mods\moreculling-neoforge-1.21.1-1.0.7.jar
createaero_patched,morered,More Red,${file.jarVersion},neoforge,morered-1.21.1-6.0.0.3.jar,CreateAERO base mod copied,,,C:\Users\teres\.minecraftx\instances\CreateAERO 1.0 patched-1.0\mods\morered-1.21.1-6.0.0.3.jar
createaero_patched,moreredxcctcompat,More Red x CC:Tweaked Compat,1.21.1-1.3.0,neoforge,MoreRed-CCT-Compat-1.21.1-1.3.0.jar,CreateAERO base mod copied,,,C:\Users\teres\.minecraftx\instances\CreateAERO 1.0 patched-1.0\mods\MoreRed-CCT-Compat-1.21.1-1.3.0.jar
createaero_patched,mousetweaks,Mouse Tweaks,2.26.1,neoforge,MouseTweaks-neoforge-mc1.21-2.26.1.jar,CreateAERO base mod copied,,,C:\Users\teres\.minecraftx\instances\CreateAERO 1.0 patched-1.0\mods\MouseTweaks-neoforge-mc1.21-2.26.1.jar
createaero_patched,naturalist,Naturalist,1.0.2,neoforge,naturalist-1.0.2-neoforge-1.21.1.jar,CreateAERO base mod copied,,,C:\Users\teres\.minecraftx\instances\CreateAERO 1.0 patched-1.0\mods\naturalist-1.0.2-neoforge-1.21.1.jar
createaero_patched,naturescompass,Nature's Compass,1.21.1-3.4.0-neoforge,neoforge,NaturesCompass-1.21.1-3.4.0-neoforge.jar,CreateAERO base mod copied,,,C:\Users\teres\.minecraftx\instances\CreateAERO 1.0 patched-1.0\mods\NaturesCompass-1.21.1-3.4.0-neoforge.jar
createaero_patched,ok_zoomer,Ok Zoomer,10.0.0-beta.13,neoforge,ok_zoomer-neo-10.0.0-beta.13.jar,CreateAERO base mod copied,,,C:\Users\teres\.minecraftx\instances\CreateAERO 1.0 patched-1.0\mods\ok_zoomer-neo-10.0.0-beta.13.jar
createaero_patched,petrolpark,Petrolpark's Library,1.4.32,neoforge,petrolpark-1.21.1-1.4.32.jar,CreateAERO base mod copied,,,C:\Users\teres\.minecraftx\instances\CreateAERO 1.0 patched-1.0\mods\petrolpark-1.21.1-1.4.32.jar
createaero_patched,petrolsparts,Petrol's Parts,1.2.10,neoforge,petrolsparts-1.21.1-1.2.10.jar,CreateAERO base mod copied,,,C:\Users\teres\.minecraftx\instances\CreateAERO 1.0 patched-1.0\mods\petrolsparts-1.21.1-1.2.10.jar
createaero_patched,pipeorgans,Create: Sound of Steam,0.8.2+1.21.1,neoforge,pipeorgans-0.8.2+1.21.1.jar,CreateAERO base mod copied,,,C:\Users\teres\.minecraftx\instances\CreateAERO 1.0 patched-1.0\mods\pipeorgans-0.8.2+1.21.1.jar
createaero_patched,pipesnphysics,Create Pipes n Physics,0.3.0,neoforge,pipesnphysics-0.3.0.jar,CreateAERO base mod copied,,,C:\Users\teres\.minecraftx\instances\CreateAERO 1.0 patched-1.0\mods\pipesnphysics-0.3.0.jar
createaero_patched,prickle,PrickleMC,21.1.11,neoforge,prickle-neoforge-1.21.1-21.1.11.jar,CreateAERO base mod copied,,,C:\Users\teres\.minecraftx\instances\CreateAERO 1.0 patched-1.0\mods\prickle-neoforge-1.21.1-21.1.11.jar
createaero_patched,railways,Create: Steam 'n' Rails 1.21.1,0.2.0-beta.2+neoforge-mc1.21.1,neoforge,railways-0.2.0-beta.2+neoforge-mc1.21.1.jar,CreateAERO base mod copied,,,C:\Users\teres\.minecraftx\instances\CreateAERO 1.0 patched-1.0\mods\railways-0.2.0-beta.2+neoforge-mc1.21.1.jar
createaero_patched,rechiseled,Rechiseled,1.2.4,neoforge,rechiseled-1.2.4-neoforge-mc1.21.jar,CreateAERO base mod copied,,,C:\Users\teres\.minecraftx\instances\CreateAERO 1.0 patched-1.0\mods\rechiseled-1.2.4-neoforge-mc1.21.jar
createaero_patched,rechiseledcreate,Rechiseled: Create,1.1.0,neoforge,rechiseledcreate-1.1.0-neoforge-mc1.21.jar,CreateAERO base mod copied,,,C:\Users\teres\.minecraftx\instances\CreateAERO 1.0 patched-1.0\mods\rechiseledcreate-1.1.0-neoforge-mc1.21.jar
createaero_patched,reeses_sodium_options,Reese's Sodium Options,1.8.3+mc1.21.4,neoforge,reeses-sodium-options-neoforge-1.8.3+mc1.21.4.jar,CreateAERO base mod copied,,,C:\Users\teres\.minecraftx\instances\CreateAERO 1.0 patched-1.0\mods\reeses-sodium-options-neoforge-1.8.3+mc1.21.4.jar
createaero_patched,replaymod,Replay Mod,${version},fabric,reforgedplaymod-1.21.1-0.3.jar,CreateAERO base mod copied,,,C:\Users\teres\.minecraftx\instances\CreateAERO 1.0 patched-1.0\mods\reforgedplaymod-1.21.1-0.3.jar
createaero_patched,resource_gamma_util,Resource Gamma Util,1.21.1-1.4.0,neoforge,resource_gamma_util-neoforge-1.21.1-1.4.0.jar,CreateAERO base mod copied,,,C:\Users\teres\.minecraftx\instances\CreateAERO 1.0 patched-1.0\mods\resource_gamma_util-neoforge-1.21.1-1.4.0.jar
createaero_patched,ribbits,Ribbits,1.21.1-NeoForge-4.1.6,neoforge,Ribbits-1.21.1-NeoForge-4.1.6.jar,CreateAERO base mod copied,,,C:\Users\teres\.minecraftx\instances\CreateAERO 1.0 patched-1.0\mods\Ribbits-1.21.1-NeoForge-4.1.6.jar
createaero_patched,s_a_b,Steel armor blocks,1.4.3,neoforge,s_a_b-1.4.3-neoforge-1.21.1.jar,CreateAERO base mod copied,,,C:\Users\teres\.minecraftx\instances\CreateAERO 1.0 patched-1.0\mods\s_a_b-1.4.3-neoforge-1.21.1.jar
createaero_patched,sable,Sable,1.2.2,neoforge,sable-neoforge-1.21.1-1.2.2.jar,CreateAERO base mod copied,,,C:\Users\teres\.minecraftx\instances\CreateAERO 1.0 patched-1.0\mods\sable-neoforge-1.21.1-1.2.2.jar
createaero_patched,sliceanddice,Create Slice & Dice,4.2.4,neoforge,sliceanddice-forge-4.2.4.jar,CreateAERO base mod copied,,,C:\Users\teres\.minecraftx\instances\CreateAERO 1.0 patched-1.0\mods\sliceanddice-forge-4.2.4.jar
createaero_patched,sodium,Sodium,0.6.13+mc1.21.1,neoforge,sodium-neoforge-0.6.13+mc1.21.1.jar,CreateAERO base mod copied,,,C:\Users\teres\.minecraftx\instances\CreateAERO 1.0 patched-1.0\mods\sodium-neoforge-0.6.13+mc1.21.1.jar
createaero_patched,sodium_extra,Sodium Extra,0.6.0+mc1.21.1,neoforge,sodium-extra-neoforge-0.6.0+mc1.21.1.jar,CreateAERO base mod copied,,,C:\Users\teres\.minecraftx\instances\CreateAERO 1.0 patched-1.0\mods\sodium-extra-neoforge-0.6.0+mc1.21.1.jar
createaero_patched,sodiumdynamiclights,Sodium Dynamic Lights,1.0.9,neoforge,sodiumdynamiclights-neoforge-1.0.10-1.21.1.jar,CreateAERO base mod copied,,,C:\Users\teres\.minecraftx\instances\CreateAERO 1.0 patched-1.0\mods\sodiumdynamiclights-neoforge-1.0.10-1.21.1.jar
createaero_patched,sodiumoptionsapi,Sodium Options API,1.0.10,neoforge,sodiumoptionsapi-neoforge-1.0.10-1.21.1.jar,CreateAERO base mod copied,,,C:\Users\teres\.minecraftx\instances\CreateAERO 1.0 patched-1.0\mods\sodiumoptionsapi-neoforge-1.0.10-1.21.1.jar
createaero_patched,sophisticatedcore,Sophisticated Core,1.4.39,neoforge,sophisticatedcore-1.21.1-1.4.39.1852.jar,CreateAERO base mod copied,,,C:\Users\teres\.minecraftx\instances\CreateAERO 1.0 patched-1.0\mods\sophisticatedcore-1.21.1-1.4.39.1852.jar
createaero_patched,sophisticatedstorage,Sophisticated Storage,1.5.47,neoforge,sophisticatedstorage-1.21.1-1.5.47.1724.jar,CreateAERO base mod copied,,,C:\Users\teres\.minecraftx\instances\CreateAERO 1.0 patched-1.0\mods\sophisticatedstorage-1.21.1-1.5.47.1724.jar
createaero_patched,sophisticatedstoragecreateintegration,Sophisticated Storage Create Integration,0.1.17,neoforge,sophisticatedstoragecreateintegration-1.21.1-0.1.17.132.jar,CreateAERO base mod copied,,,C:\Users\teres\.minecraftx\instances\CreateAERO 1.0 patched-1.0\mods\sophisticatedstoragecreateintegration-1.21.1-0.1.17.132.jar
createaero_patched,spark,spark,1.10.124,neoforge,spark-1.10.124-neoforge.jar,CreateAERO base mod copied,,,C:\Users\teres\.minecraftx\instances\CreateAERO 1.0 patched-1.0\mods\spark-1.10.124-neoforge.jar
createaero_patched,supermartijn642configlib,SuperMartijn642's Config Library,1.1.8,neoforge,supermartijn642configlib-1.1.8-neoforge-mc1.21.jar,CreateAERO base mod copied,,,C:\Users\teres\.minecraftx\instances\CreateAERO 1.0 patched-1.0\mods\supermartijn642configlib-1.1.8-neoforge-mc1.21.jar
createaero_patched,supermartijn642corelib,SuperMartijn642's Core Lib,1.1.21,neoforge,supermartijn642corelib-1.1.21-neoforge-mc1.21.jar,CreateAERO base mod copied,,,C:\Users\teres\.minecraftx\instances\CreateAERO 1.0 patched-1.0\mods\supermartijn642corelib-1.1.21-neoforge-mc1.21.jar
createaero_patched,terralith,Terralith,2.5.8,fabric,Terralith_1.21.x_v2.5.8.jar,CreateAERO base mod copied,,,C:\Users\teres\.minecraftx\instances\CreateAERO 1.0 patched-1.0\mods\Terralith_1.21.x_v2.5.8.jar
createaero_patched,tfmg,Create: The Factory Must Grow,1.2.0,neoforge,tfmg-1.2.0.jar,CreateAERO base mod copied,,,C:\Users\teres\.minecraftx\instances\CreateAERO 1.0 patched-1.0\mods\tfmg-1.2.0.jar
createaero_patched,toms_peripherals,Tom's Peripherals,1.3.0,neoforge,toms-peripherals-1.21-1.3.0.jar,CreateAERO base mod copied,,,C:\Users\teres\.minecraftx\instances\CreateAERO 1.0 patched-1.0\mods\toms-peripherals-1.21-1.3.0.jar
createaero_patched,toms_storage,Tom's Simple Storage Mod,2.3.2,neoforge,toms_storage-1.21-2.3.2.jar,CreateAERO base mod copied,,,C:\Users\teres\.minecraftx\instances\CreateAERO 1.0 patched-1.0\mods\toms_storage-1.21-2.3.2.jar
createaero_patched,tpsum,Tpsum,0.0.3,neoforge,tpsum-1.21.1-0.0.3.jar,CreateAERO base mod copied,,,C:\Users\teres\.minecraftx\instances\CreateAERO 1.0 patched-1.0\mods\tpsum-1.21.1-0.0.3.jar
createaero_patched,tracks,Create Tracks,1.0.1,neoforge,tracks-neoforge-1.21.1-1.0.1.jar,CreateAERO base mod copied,,,C:\Users\teres\.minecraftx\instances\CreateAERO 1.0 patched-1.0\mods\tracks-neoforge-1.21.1-1.0.1.jar
createaero_patched,trading_floor,Create: Trading Floor,3.0.16,neoforge,trading_floor-3.0.16.jar,CreateAERO base mod copied,,,C:\Users\teres\.minecraftx\instances\CreateAERO 1.0 patched-1.0\mods\trading_floor-3.0.16.jar
createaero_patched,travelersbackpack,Traveler's Backpack,10.1.35,neoforge,travelersbackpack-neoforge-1.21.1-10.1.35.jar,CreateAERO base mod copied,,,C:\Users\teres\.minecraftx\instances\CreateAERO 1.0 patched-1.0\mods\travelersbackpack-neoforge-1.21.1-10.1.35.jar
createaero_patched,unknown:connector-2.0.0-beta.14+1.21.1-full,,,unknown,connector-2.0.0-beta.14+1.21.1-full.jar,CreateAERO base mod copied,,,C:\Users\teres\.minecraftx\instances\CreateAERO 1.0 patched-1.0\mods\connector-2.0.0-beta.14+1.21.1-full.jar
createaero_patched,unknown:dungeons-and-taverns-v4.4.4,,,neoforge,dungeons-and-taverns-v4.4.4.jar,CreateAERO base mod copied,,,C:\Users\teres\.minecraftx\instances\CreateAERO 1.0 patched-1.0\mods\dungeons-and-taverns-v4.4.4.jar
createaero_patched,unknown:kotlinforforge-5.11.0-all,,,unknown,kotlinforforge-5.11.0-all.jar,CreateAERO base mod copied,,,C:\Users\teres\.minecraftx\instances\CreateAERO 1.0 patched-1.0\mods\kotlinforforge-5.11.0-all.jar
createaero_patched,vista,Vista,1.21-3.1.1,neoforge,vista-1.21-3.1.2-neoforge.jar,CreateAERO base mod copied,,,C:\Users\teres\.minecraftx\instances\CreateAERO 1.0 patched-1.0\mods\vista-1.21-3.1.2-neoforge.jar
createaero_patched,vistafix,Vista Aeronautics Fix,1.0.1,neoforge,VistaAeronauricsFix-1.0.1.jar,CreateAERO base mod copied,,,C:\Users\teres\.minecraftx\instances\CreateAERO 1.0 patched-1.0\mods\VistaAeronauricsFix-1.0.1.jar
createaero_patched,voicechat,Simple Voice Chat,1.21.1-2.6.17,neoforge,voicechat-neoforge-1.21.1-2.6.17.jar,CreateAERO base mod copied,,,C:\Users\teres\.minecraftx\instances\CreateAERO 1.0 patched-1.0\mods\voicechat-neoforge-1.21.1-2.6.17.jar
createaero_patched,voxy,Voxy,0.2.14-alpha,fabric,voxy-0.2.14-alpha-c54de23.jar,CreateAERO base mod copied,,,C:\Users\teres\.minecraftx\instances\CreateAERO 1.0 patched-1.0\mods\voxy-0.2.14-alpha-c54de23.jar
createaero_patched,xaerominimap,Xaero's Minimap,25.3.13,neoforge,xaerominimap-neoforge-1.21.1-25.3.13.jar,CreateAERO base mod copied,,,C:\Users\teres\.minecraftx\instances\CreateAERO 1.0 patched-1.0\mods\xaerominimap-neoforge-1.21.1-25.3.13.jar
createaero_patched,xaeroworldmap,Xaero's World Map,1.40.16,neoforge,xaeroworldmap-neoforge-1.21.1-1.40.16.jar,CreateAERO base mod copied,,,C:\Users\teres\.minecraftx\instances\CreateAERO 1.0 patched-1.0\mods\xaeroworldmap-neoforge-1.21.1-1.40.16.jar
createaero_patched,yet_another_config_lib_v3,YetAnotherConfigLib,3.8.2+1.21.1-neoforge,neoforge,yet_another_config_lib_v3-3.8.2+1.21.1-neoforge.jar,CreateAERO base mod copied,,,C:\Users\teres\.minecraftx\instances\CreateAERO 1.0 patched-1.0\mods\yet_another_config_lib_v3-3.8.2+1.21.1-neoforge.jar
createaero_patched,yungsapi,YUNG's API,1.21.1-NeoForge-5.1.6,neoforge,YungsApi-1.21.1-NeoForge-5.1.6.jar,CreateAERO base mod copied,,,C:\Users\teres\.minecraftx\instances\CreateAERO 1.0 patched-1.0\mods\YungsApi-1.21.1-NeoForge-5.1.6.jar
