rel_path,file_name,size,sha1,metadata,mod_ids,display_names,loaders
FactorMoon\mods\%5BNeoforge%5Dctov-3.6.3.jar,%5BNeoforge%5Dctov-3.6.3.jar,7139609,c5fe733d743af20f84eb87dd75b5bb57684f3e05,META-INF/neoforge.mods.toml,ctov,ChoiceTheorem's Overhauled Village,neoforge
FactorMoon\mods\[1.21.1] SecurityCraft v1.10.1.jar,[1.21.1] SecurityCraft v1.10.1.jar,4951098,692f81f4fdcd0d1298db96a9582eea41baeae252,META-INF/neoforge.mods.toml,securitycraft,SecurityCraft,neoforge
FactorMoon\mods\accelerated-decay-neoforge-21.0.0.jar,accelerated-decay-neoforge-21.0.0.jar,10478,b023fe4daf1379f0f4233bea02ba112f3854db3e,META-INF/neoforge.mods.toml,accelerateddecay,Accelerated Decay,neoforge
FactorMoon\mods\accessories-neoforge-1.1.0-beta.53+1.21.1.jar,accessories-neoforge-1.1.0-beta.53+1.21.1.jar,1078697,77d75c2e13cfdf56a45cdd29806c1c97c3d250fc,META-INF/neoforge.mods.toml,accessories,Accessories,neoforge
FactorMoon\mods\additional_lights-neoforge-1.21-2.1.10.jar,additional_lights-neoforge-1.21-2.1.10.jar,514194,8dc485146437e8ac40dd29e10747601fd4e372ca,META-INF/neoforge.mods.toml,additional_lights,Additional Lights,neoforge
FactorMoon\mods\AdvancedAE-1.6.11-1.21.1.jar,AdvancedAE-1.6.11-1.21.1.jar,4797100,0af8033f7291b9f5062b229053e16b439a906db9,META-INF/neoforge.mods.toml,advanced_ae,Advanced AE,neoforge
FactorMoon\mods\AdvancedPeripherals-1.21.1-0.7.61b.jar,AdvancedPeripherals-1.21.1-0.7.61b.jar,935498,3f05a8766862bbe8958750f7eb768220d30536a3,META-INF/neoforge.mods.toml,advancedperipherals,Advanced Peripherals,neoforge
FactorMoon\mods\advancementdisable-neoforge-1.0.1+1.21.jar,advancementdisable-neoforge-1.0.1+1.21.jar,12747,d57c4837848d923aac791029ca3c19eb4e93b5eb,META-INF/neoforge.mods.toml,advancementdisable,AdvancementDisable,neoforge
FactorMoon\mods\AdvancementPlaques-1.21.1-neoforge-1.6.8.jar,AdvancementPlaques-1.21.1-neoforge-1.6.8.jar,195730,829d33e71b30e9158d772f5963bb6020f6026d78,META-INF/neoforge.mods.toml,advancementplaques,Advancement Plaques,neoforge
FactorMoon\mods\ae2ct-1.21.1-1.1.1.jar,ae2ct-1.21.1-1.1.1.jar,437906,2e425a9dc8891bdcd3b2914506d1bc33414b61be,META-INF/neoforge.mods.toml,ae2ct,AE2:Crafting Tree,neoforge
FactorMoon\mods\ae2importexportcard-1.21.1-1.4.3.jar,ae2importexportcard-1.21.1-1.4.3.jar,190861,a64daebce42a609e2a4786393fc4398448a0aa35,META-INF/neoforge.mods.toml,ae2importexportcard,AE2 Import Export Card,neoforge
FactorMoon\mods\ae2jeiintegration-1.2.1.jar,ae2jeiintegration-1.2.1.jar,91710,e99898b3e9c32bf6ac757e7ad50247746622cdfc,META-INF/neoforge.mods.toml,ae2jeiintegration,AE2 JEI Integration,neoforge
FactorMoon\mods\AE2NetworkAnalyzer-1.21-2.1.5-neoforge.jar,AE2NetworkAnalyzer-1.21-2.1.5-neoforge.jar,1686091,c6cb26a2031687d801bf1763dc0c75cd92f3715c,META-INF/neoforge.mods.toml,ae2netanalyser,AE2NetworkAnalyzer,neoforge
FactorMoon\mods\ae2wtlib-19.4.1.jar,ae2wtlib-19.4.1.jar,242235,e5ac6b8ec0851d9fb23d92281842f1880f0979b7,META-INF/neoforge.mods.toml,ae2wtlib,AE2WTLib,neoforge
FactorMoon\mods\aeinfinitybooster-neoforge-1.21.1-1.0.0.54.jar,aeinfinitybooster-neoforge-1.21.1-1.0.0.54.jar,30409,d00daf281a852358022b936a21ae272578f00afd,META-INF/neoforge.mods.toml,aeinfinitybooster,AEInfinityBooster,neoforge
FactorMoon\mods\aerocopycats-1.1.1.jar,aerocopycats-1.1.1.jar,14702,3a93862421d0a8cdae1e3a3d7f0d4bd01e049007,META-INF/neoforge.mods.toml,aerocopycats,aero_copycats,neoforge
FactorMoon\mods\aeronauticscompat-1.1.2.jar,aeronauticscompat-1.1.2.jar,37307,64044986287367e7f638012c931d8a23528bee41,META-INF/neoforge.mods.toml,aeronauticscompat,AeronauticsCompat,neoforge
FactorMoon\mods\aeroworks-1.2.9.jar,aeroworks-1.2.9.jar,183858,f6f48e509202dca5443904ae077ade67e7f89d70,META-INF/neoforge.mods.toml,aeroworks,Create: Aeroworks,neoforge
FactorMoon\mods\AI-Improvements-1.21-0.5.3.jar,AI-Improvements-1.21-0.5.3.jar,28984,b4a8e11384454bcc341043b251db7fb5afdfdf45,META-INF/neoforge.mods.toml,aiimprovements,AI-Improvements,neoforge
FactorMoon\mods\AkashicTome-1.8-30.jar,AkashicTome-1.8-30.jar,50256,6493e575f295e18fac1f7c5399c05c53caa1f7ce,META-INF/neoforge.mods.toml,akashictome,Akashic Tome,neoforge
FactorMoon\mods\almostunified-neoforge-1.21.1-1.4.1.jar,almostunified-neoforge-1.21.1-1.4.1.jar,295072,69913ae6d63f2e10603b272bb8a957c7d0f3f0e4,META-INF/neoforge.mods.toml,almostunified,AlmostUnified,neoforge
FactorMoon\mods\amendments-1.21-2.0.15-neoforge.jar,amendments-1.21-2.0.15-neoforge.jar,1143659,00056f29646f3bf86116b281c2362c0dabdb4533,META-INF/neoforge.mods.toml,amendments,Amendments,neoforge
FactorMoon\mods\Apotheosis-1.21.1-8.5.2.jar,Apotheosis-1.21.1-8.5.2.jar,6964172,eb484177b383dc397bfa37d06ef09ec39053bb50,META-INF/neoforge.mods.toml,apotheosis,Apotheosis,neoforge
FactorMoon\mods\ApothicAttributes-1.21.1-2.9.1.jar,ApothicAttributes-1.21.1-2.9.1.jar,314269,e7f669e1b45d75076200436f37c40a6dd3b6a6ff,META-INF/neoforge.mods.toml,apothic_attributes,Apothic Attributes,neoforge
FactorMoon\mods\ApothicEnchanting-1.21.1-1.5.2.jar,ApothicEnchanting-1.21.1-1.5.2.jar,5350906,aad9bb6b4e5ba7ea85af4d143467b99f0ed022fc,META-INF/neoforge.mods.toml,apothic_enchanting,Apothic Enchanting,neoforge
FactorMoon\mods\ApothicSpawners-1.21.1-1.3.4.jar,ApothicSpawners-1.21.1-1.3.4.jar,125015,26d701238bdb76a497a64f588409419ad067e557,META-INF/neoforge.mods.toml,apothic_spawners,Apothic Spawners,neoforge
FactorMoon\mods\appleskin-neoforge-mc1.21-3.0.9.jar,appleskin-neoforge-mc1.21-3.0.9.jar,75804,81cf0e668f991f83ac8820c386fbd6c9c3602246,META-INF/neoforge.mods.toml,appleskin,AppleSkin,neoforge
FactorMoon\mods\appliedenergistics2-19.2.17.jar,appliedenergistics2-19.2.17.jar,8230896,49c18d6a4af487957d7e5a6ad5dcbf71090b8e14,META-INF/neoforge.mods.toml,ae2,Applied Energistics 2,neoforge
FactorMoon\mods\AppliedFlux-1.21-2.1.4-neoforge.jar,AppliedFlux-1.21-2.1.4-neoforge.jar,337796,741e856b0c928fc15b59e92d98ea75ef98541ee8,META-INF/neoforge.mods.toml,appflux,AppliedFlux,neoforge
FactorMoon\mods\architectury-13.0.8-neoforge.jar,architectury-13.0.8-neoforge.jar,584004,6ca11d3cc136bf69bb8f4d56982481eb85b5100b,META-INF/neoforge.mods.toml,architectury,Architectury,neoforge
FactorMoon\mods\artifacts-neoforge-13.2.1.jar,artifacts-neoforge-13.2.1.jar,1030252,3fe4d52cc0b11d91c75005030e83e3f675e62383,META-INF/neoforge.mods.toml,artifacts,Artifacts,neoforge
FactorMoon\mods\athena-neoforge-1.21-4.0.2.jar,athena-neoforge-1.21-4.0.2.jar,92698,069f397f1b3a30b3d5f5a98cac76304dfe345d76,META-INF/neoforge.mods.toml,athena,Athena,neoforge
FactorMoon\mods\atlas_api-1.21.1-1.2.0.jar,atlas_api-1.21.1-1.2.0.jar,28419,79487e97bd6dbbd6cfbdbcd4fbf1a7ac34fb8998,META-INF/neoforge.mods.toml,atlas_api,Atlas API,neoforge
FactorMoon\mods\attributefix-neoforge-1.21.1-21.1.3.jar,attributefix-neoforge-1.21.1-21.1.3.jar,19809,7aae849f6d2a6cb1368227407ea5deb552e100ba,META-INF/neoforge.mods.toml,attributefix,AttributeFix,neoforge
FactorMoon\mods\Auroras-1.21-1.6.2.jar,Auroras-1.21-1.6.2.jar,2116122,2a27027b3c95823e4bf7e0aa635b92742ca407e0,META-INF/neoforge.mods.toml,auroras,Auroras,neoforge
FactorMoon\mods\authme-neoforge-9.0.1+1.21.1.jar,authme-neoforge-9.0.1+1.21.1.jar,364895,13d12989930705e645f82c625d25ac26bce589e5,META-INF/neoforge.mods.toml,authme,Auth Me,neoforge
FactorMoon\mods\azurelib-neo-1.21.1-3.1.8.jar,azurelib-neo-1.21.1-3.1.8.jar,871542,d7762c1e334ed9d654675e48782eea42057a3f7c,META-INF/neoforge.mods.toml,azurelib,AzureLib,neoforge
FactorMoon\mods\BadOptimizations-2.4.1-1.21.1.jar,BadOptimizations-2.4.1-1.21.1.jar,283566,1461d8e46391efd32a3085150e86094c9f6f5c9d,fabric.mod.json;META-INF/neoforge.mods.toml,badoptimizations,BadOptimizations,fabric;neoforge
FactorMoon\mods\balm-neoforge-1.21.1-21.0.56.jar,balm-neoforge-1.21.1-21.0.56.jar,739709,c1c1d4859c7943c7d1c181c07fa7273a1d56df15,META-INF/neoforge.mods.toml,balm,Balm,neoforge
FactorMoon\mods\baubley-heart-canisters-1.21.1-1.4.0.jar,baubley-heart-canisters-1.21.1-1.4.0.jar,177638,ccaae33c804d4897039b55a98e9da608b15fee8b,META-INF/neoforge.mods.toml,bhc,Baubley Heart Canisters,neoforge
FactorMoon\mods\bellsandwhistles-0.4.7-1.21.1.jar,bellsandwhistles-0.4.7-1.21.1.jar,193619,85944080f8bd47dad64a8193a70662cd9ddbb200,META-INF/neoforge.mods.toml,bellsandwhistles,Create: Bells & Whistles,neoforge
FactorMoon\mods\better_tooltips-1.0.3.jar,better_tooltips-1.0.3.jar,64441,ac67bc12905121dc52d6403edd2c4cc8d39a6b67,META-INF/neoforge.mods.toml,better_tooltips,Better Tooltips,neoforge
FactorMoon\mods\BetterAdvancements-NeoForge-1.21.1-0.4.3.21.jar,BetterAdvancements-NeoForge-1.21.1-0.4.3.21.jar,98641,870521cfaa1a4cb6c830e2409e8b9e4cf179aff2,META-INF/neoforge.mods.toml,betteradvancements,Better Advancements,neoforge
FactorMoon\mods\betterbeds-1.4.0.jar,betterbeds-1.4.0.jar,65708,48f215da24598e4ad93efc7d0ca0a6f91660069f,META-INF/neoforge.mods.toml,betterbeds,Better Beds,neoforge
FactorMoon\mods\betterf1-NeoForge-1.0-1.21.1.jar,betterf1-NeoForge-1.0-1.21.1.jar,22350,b24b6b6511afae6e820d14c2ad62752e3592ccab,META-INF/neoforge.mods.toml,betterf1,Better F1,neoforge
FactorMoon\mods\BetterF3-11.0.3-NeoForge-1.21.1.jar,BetterF3-11.0.3-NeoForge-1.21.1.jar,481646,8fa17df26d3650416bc124be7a264bc1566a3b26,META-INF/neoforge.mods.toml,betterf3,BetterF3,neoforge
FactorMoon\mods\bigcontraptions-neoforge-1.0.jar,bigcontraptions-neoforge-1.0.jar,5861,cf1af44de7042f26fce74549130e1eb7d937ced8,META-INF/neoforge.mods.toml,bigcontraptions,Create: Big Contraptions,neoforge
FactorMoon\mods\bits_n_bobs-0.0.44.jar,bits_n_bobs-0.0.44.jar,1613264,2d577eb7e47b860fc32e4ebd33405715252c5072,META-INF/neoforge.mods.toml,bits_n_bobs,Create Bits 'n' Bobs,neoforge
FactorMoon\mods\blueflame-1.21.1-1.1.1.jar,blueflame-1.21.1-1.1.1.jar,17921,0e78defafd6cf08759c656a54f8a33315e3ab924,META-INF/neoforge.mods.toml,blueflame,Blue Flame Burning,neoforge
FactorMoon\mods\bookshelf-neoforge-1.21.1-21.1.81.jar,bookshelf-neoforge-1.21.1-21.1.81.jar,328813,efc4cda6da4dd879f24d057ed0a6413764c9ba40,META-INF/neoforge.mods.toml,bookshelf,Bookshelf,neoforge
FactorMoon\mods\botanypots-neoforge-1.21.1-21.1.41.jar,botanypots-neoforge-1.21.1-21.1.41.jar,1065153,4f216887a3b95d6abde0f2458a94487523531a1c,META-INF/neoforge.mods.toml,botanypots,BotanyPots,neoforge
FactorMoon\mods\botanytrees-neoforge-1.21.1-21.1.3.jar,botanytrees-neoforge-1.21.1-21.1.3.jar,20389,a15237bff8e914c50a271ee498d7e2ee55ff017f,META-INF/neoforge.mods.toml,botanytrees,BotanyTrees,neoforge
FactorMoon\mods\brb-1.10.0-rc5+1.21.jar,brb-1.10.0-rc5+1.21.jar,1223044,9a6954f26361e174e92a4b5b8d36256d419580bc,META-INF/neoforge.mods.toml,brb,Better Recipe Book,neoforge
FactorMoon\mods\BridgingMod-2.6.2+1.21.1.neoforge-release.jar,BridgingMod-2.6.2+1.21.1.neoforge-release.jar,5924051,18c4fdadf7d1b4632ae0e0914e4075847306b52f,META-INF/neoforge.mods.toml,bridgingmod,Bridging Mod,neoforge
FactorMoon\mods\buildinggadgets2-1.3.9.jar,buildinggadgets2-1.3.9.jar,3858597,666a155981e3cd231f67809b9e2a0238377bbbfc,META-INF/neoforge.mods.toml,buildinggadgets2,Building Gadgets 2,neoforge
FactorMoon\mods\bwncr-neoforge-1.21.1-3.20.3.jar,bwncr-neoforge-1.21.1-3.20.3.jar,27537,ece7a31501bc3080e1c4263689c26e9154809b2d,META-INF/neoforge.mods.toml,bwncr,Bad Wither No Cookie Reloaded,neoforge
FactorMoon\mods\caelus-neoforge-7.0.1+1.21.1.jar,caelus-neoforge-7.0.1+1.21.1.jar,50235,e4c2e1af4e3082d68f7df75f7c8ce30116d71515,META-INF/neoforge.mods.toml,caelus,Caelus API,neoforge
FactorMoon\mods\camol-1.21.1-0.3.0.jar,camol-1.21.1-0.3.0.jar,61522,d87f56e5722b39ba1a20b968e5104feaaec9690f,META-INF/neoforge.mods.toml,camol,Camol,neoforge
FactorMoon\mods\capturexp-neoforge-1.7.3-1.3.0.jar,capturexp-neoforge-1.7.3-1.3.0.jar,22895,49bd6e318afc2d9f99d1bbd753012738ecc3c7ed,META-INF/neoforge.mods.toml,capture_xp,Cobblemon Capture XP,neoforge
FactorMoon\mods\Carved Wood-neoforge-1.21.1-1.9.5.jar,Carved Wood-neoforge-1.21.1-1.9.5.jar,2438502,db330d731b5636ae614f46941b8e19515e32e87c,META-INF/neoforge.mods.toml,carved_wood,Carved Wood,neoforge
FactorMoon\mods\catalogue-neoforge-1.21.1-1.11.2.jar,catalogue-neoforge-1.21.1-1.11.2.jar,302750,6d67f855c20bc6392763cfb22e1152da4e8015b4,META-INF/neoforge.mods.toml,catalogue,Catalogue,neoforge
FactorMoon\mods\catchindicator-neoforge-1.6.2.jar,catchindicator-neoforge-1.6.2.jar,312906,b621b57dadd85dfb021992844d829d92e0b10b87,META-INF/neoforge.mods.toml,catchindicator,Catch Indicator,neoforge
FactorMoon\mods\catchrate-display-neoforge-2.8.22.jar,catchrate-display-neoforge-2.8.22.jar,261220,aad8deb2b48d982753753d5d9b9a360cd00c6907,META-INF/neoforge.mods.toml,catchrate_display,Cobblemon Catch Rate Display,neoforge
FactorMoon\mods\catjammies-1.21-1.7.1.jar,catjammies-1.21-1.7.1.jar,8784,9ce39347637e6209e031402e054d7cc93b1e1a03,META-INF/neoforge.mods.toml,catjammies,CatJammies,neoforge
FactorMoon\mods\cc-tweaked-1.21.1-forge-1.118.0.jar,cc-tweaked-1.21.1-forge-1.118.0.jar,3122700,bbb1431befefbf56991ef0a0aad25fffedcfdfbc,META-INF/neoforge.mods.toml,computercraft,CC: Tweaked,neoforge
FactorMoon\mods\cc_sable-neoforge-1.2.3.jar,cc_sable-neoforge-1.2.3.jar,41813,848a6313795b8b067d2cb2cd7df7aae3b22cfd60,META-INF/neoforge.mods.toml,cc_sable,CC: Sable,neoforge
FactorMoon\mods\ccbr-1.2.0-neoforge-1.21.1.jar,ccbr-1.2.0-neoforge-1.21.1.jar,205473,7a59bc18d7994cd3fee3f8696864577dcf290954,META-INF/neoforge.mods.toml,ccbr,Create: CC Better Recipes,neoforge
FactorMoon\mods\cccbridge-mc1.21.1-v1.7.2-neoforge.jar,cccbridge-mc1.21.1-v1.7.2-neoforge.jar,488419,86fc996c61b5257c24efd2a4c7e48b256b21bd76,META-INF/neoforge.mods.toml,cccbridge,CC:C Bridge,neoforge
FactorMoon\mods\ccgraphics-1.21.1-forge-0.1.5.jar,ccgraphics-1.21.1-forge-0.1.5.jar,76555,607ff38044dfeba3ee7b78044d0efb92ff6c395e,META-INF/neoforge.mods.toml,ccgraphics,CC: Graphics,neoforge
FactorMoon\mods\ccredstonelinkbridge-neoforge-1.0.3.jar,ccredstonelinkbridge-neoforge-1.0.3.jar,22344,b69762fa09601ae6283e8a12bcef033efd14d2ab,META-INF/neoforge.mods.toml,ccredstonelinkbridge,CC Redstone Link Bridge,neoforge
FactorMoon\mods\ccterminals-1.21.1-forge-0.1.0.jar,ccterminals-1.21.1-forge-0.1.0.jar,52540,cdb8b7a1121f29639cf6715bb0aa160fca4847d6,META-INF/neoforge.mods.toml,ccterminals,CC: Terminals,neoforge
FactorMoon\mods\charginggadgets-1.14.1.jar,charginggadgets-1.14.1.jar,67206,3208ea2ca10d786895d03c2cd3a124d14393b357,META-INF/neoforge.mods.toml,charginggadgets,Charging Gadgets,neoforge
FactorMoon\mods\chat_heads-0.15.1-neoforge-1.21.jar,chat_heads-0.15.1-neoforge-1.21.jar,89272,650ff9d879051196c8c46b5718342db46c745cc9,META-INF/neoforge.mods.toml,chat_heads,Chat Heads,neoforge
FactorMoon\mods\chromacarvings-1.21.1-0.2.0.jar,chromacarvings-1.21.1-0.2.0.jar,268974,b791809827bfd4e3d28fc208815d92bfed92c602,META-INF/neoforge.mods.toml,chromacarvings,Chroma Carvings,neoforge
FactorMoon\mods\Chunky-NeoForge-1.4.23.jar,Chunky-NeoForge-1.4.23.jar,340572,ab0c74743a653020fe2dfc4986b43e893947f3e9,META-INF/neoforge.mods.toml,chunky,Chunky,neoforge
FactorMoon\mods\CleanF3-mc1.21.1-0.4.9.jar,CleanF3-mc1.21.1-0.4.9.jar,18772,22d80aea0350dc34bfd30896fb76c0cebc172f96,fabric.mod.json;META-INF/neoforge.mods.toml,clean-debug;clean_debug,Clean F3,fabric;neoforge
FactorMoon\mods\cleanswing-1.9.jar,cleanswing-1.9.jar,8449,c4746d331a9a73158da1c330f0d46ce8714ce5d8,META-INF/neoforge.mods.toml,cleanswing,Clean Swing,neoforge
FactorMoon\mods\cloth-config-15.0.140-neoforge.jar,cloth-config-15.0.140-neoforge.jar,1163890,c3e5733ba4503b102589a026000fd5ce0212f6f2,META-INF/neoforge.mods.toml,cloth_config,Cloth Config v15 API,neoforge
FactorMoon\mods\Clumps-neoforge-1.21.1-19.0.0.1.jar,Clumps-neoforge-1.21.1-19.0.0.1.jar,18382,fa2576297c7bd12b28aa7070e8141792bd66da4c,META-INF/neoforge.mods.toml,clumps,Clumps,neoforge
FactorMoon\mods\cobble-caf-forms-5.0.0.jar,cobble-caf-forms-5.0.0.jar,2884487,6ad87cbd0eb23e7a58157b48b4cca9924e66c7b9,fabric.mod.json;META-INF/neoforge.mods.toml,mr_cobble_cafforms,Cobblemon cafe,fabric;neoforge
FactorMoon\mods\cobbledgacha-neoforge-1.21.1-3.0.3.jar,cobbledgacha-neoforge-1.21.1-3.0.3.jar,1114087,a2450dd08503743f4ac313f67f6007f7161afae9,META-INF/neoforge.mods.toml,cobbledgacha,Cobbled Gacha,neoforge
FactorMoon\mods\CobbleDollars-neoforge-2.0.0+Beta-5.1+1.21.1.jar,CobbleDollars-neoforge-2.0.0+Beta-5.1+1.21.1.jar,373240,caf03c43fca60906d176e1446ba35f2988b0c3e1,META-INF/neoforge.mods.toml,cobbledollars,CobbleDollars,neoforge
FactorMoon\mods\CobbleFurnies-neoforge-1.1.jar,CobbleFurnies-neoforge-1.1.jar,2343208,ede2d4c0735de9c96111567aa87b1f1868786ca7,META-INF/neoforge.mods.toml,cobblefurnies,CobbleFurnies,neoforge
FactorMoon\mods\cobblegengalore-1.21.1-0.2.8.jar,cobblegengalore-1.21.1-0.2.8.jar,87631,a799bf9d4818020bc41c009503f6d77f78eec247,META-INF/neoforge.mods.toml,cobblegengalore,Cobblegen Galore,neoforge
FactorMoon\mods\cobblemon-alphas-2.2.jar,cobblemon-alphas-2.2.jar,919007,26ad77dbff6995cf81c7f0abf71c925793a9dbb6,fabric.mod.json;META-INF/neoforge.mods.toml,mr_cobblemon_alphas,Cobblemon Alphas,fabric;neoforge
FactorMoon\mods\cobblemon-battle-extras-neoforge-1.13.45.jar,cobblemon-battle-extras-neoforge-1.13.45.jar,1651388,eb446be193bdd4981d16c86bb40410be3f0cb693,META-INF/neoforge.mods.toml,cobblemon_battle_extras,Cobblemon Battle Extras,neoforge
FactorMoon\mods\cobblemon-battle-positions-1.1.3-factormoon-connector.jar,cobblemon-battle-positions-1.1.3-factormoon-connector.jar,57263,92db1287cc6fd9a59df7517a1b7f1d82ac6f088a,fabric.mod.json,cobblemonbattlepositions,Cobblemon Battle Positions,fabric
FactorMoon\mods\cobblemon-extra-ride-compat-neoforge-0.1.1.jar,cobblemon-extra-ride-compat-neoforge-0.1.1.jar,16307,5e402f799447b5b806d70a92118ff3935e980891,META-INF/neoforge.mods.toml,cobblemon_extra_ride_compat,Cobblemon Extra Ride Compat,neoforge
FactorMoon\mods\cobblemon-fight-them-all-1.0.4-cobblemon-1.7.3-factormoon-connector.jar,cobblemon-fight-them-all-1.0.4-cobblemon-1.7.3-factormoon-connector.jar,367654,4fc845cd25890164d000d11f24dbbecebd8df98a,fabric.mod.json,cobblemon-fight-them-all,Cobblemon: Fight Them All,fabric
FactorMoon\mods\cobblemon-journey-mounts-1.7.30-cobbleverse-CF.jar,cobblemon-journey-mounts-1.7.30-cobbleverse-CF.jar,3508373,8c6a5cb5fe20078dbaa236a83ef2823f8ba90beb,fabric.mod.json;META-INF/neoforge.mods.toml,mr_cobblemon_journeymounts,Cobblemon Journey Mounts,fabric;neoforge
FactorMoon\mods\Cobblemon-neoforge-1.7.3+1.21.1.jar,Cobblemon-neoforge-1.7.3+1.21.1.jar,128748941,580ea363bbc391c98e548962a47c683155522f38,META-INF/neoforge.mods.toml,cobblemon,Cobblemon,neoforge
FactorMoon\mods\Cobblemon-TM-neoforge-1.3.jar,Cobblemon-TM-neoforge-1.3.jar,54100,a850f0677e8b11a8b38b10aa68e25422a2cc809d,META-INF/neoforge.mods.toml,cobblemon_tm,Cobblemon TM,neoforge
FactorMoon\mods\Cobblemon_Legends_Reborn-3.0.0-neoforge.jar,Cobblemon_Legends_Reborn-3.0.0-neoforge.jar,191622,00d6cc9a2761fb00528c8f5375ace1bb03a31909,META-INF/neoforge.mods.toml,cobblemon_legends_reborn,Cobblemon Legends Untold Reborn,neoforge
FactorMoon\mods\cobblemon_quests-[1.21.1]-neoforge-1.2.0.jar,cobblemon_quests-[1.21.1]-neoforge-1.2.0.jar,65748,735a118e41cb56eddca221bdd794315e4d756a09,META-INF/neoforge.mods.toml,cobblemon_quests,Cobblemon Quests,neoforge
FactorMoon\mods\cobblemon_shiny_rarities-0.2.1.jar,cobblemon_shiny_rarities-0.2.1.jar,12587812,fc971c97c96a6979d605028ba43b9c411025f275,fabric.mod.json;META-INF/neoforge.mods.toml,cobblemon_shiny_rarities,Cobblemon Shiny Rarities,fabric;neoforge
FactorMoon\mods\cobblemon_wonder_trade-neoforge-1.2.2.jar,cobblemon_wonder_trade-neoforge-1.2.2.jar,2366628,17a2e6474353baf13329ba87b1e3356d4f96bbe4,META-INF/neoforge.mods.toml,cobblemon_wonder_trade,Cobblemon Wonder Trade,neoforge
FactorMoon\mods\cobblemonopponents-neoforge-1.7.0.jar,cobblemonopponents-neoforge-1.7.0.jar,25720503,3fcbd47c3308be3855cebed85d3d4fc6fe924fce,META-INF/neoforge.mods.toml,cobblemonopponents,Cobblemon Trainer Structures,neoforge
FactorMoon\mods\cobblemonraiddens-neoforge-0.11.1+1.21.1.jar,cobblemonraiddens-neoforge-0.11.1+1.21.1.jar,2710913,f971302251cb5a3310602a5a6fcf41dfc781ddad,META-INF/neoforge.mods.toml,cobblemonraiddens,Cobblemon Raid Dens,neoforge
FactorMoon\mods\cobblenav-neoforge-2.3.3.jar,cobblenav-neoforge-2.3.3.jar,1084431,85c5dd7617c7031e43271ccab92c55c6a19cc6e2,META-INF/neoforge.mods.toml,cobblenav,Cobblenav,neoforge
FactorMoon\mods\Cobblepedia-NeoForge-0.7.1.jar,Cobblepedia-NeoForge-0.7.1.jar,8276599,c5f15ee58c16c7c54c505ec8f005449f3f145f7d,META-INF/neoforge.mods.toml,cobblepedia,Cobblepedia,neoforge
FactorMoon\mods\cobbleversebadges-neoforge-1.3-port.1.jar,cobbleversebadges-neoforge-1.3-port.1.jar,76349,c6c41860befd3604b6599809960b41feed0955fc,META-INF/neoforge.mods.toml,cobbleversebadges,COBBLEVERSE Badges,neoforge
FactorMoon\mods\Cobbreeding-neoforge-2.2.1.jar,Cobbreeding-neoforge-2.2.1.jar,467675,a0843ba354d627c1062332034e1f373884003b23,META-INF/neoforge.mods.toml,cobbreeding,Cobbreeding,neoforge
FactorMoon\mods\cobweb-neoforge-1.21-1.4.0.jar,cobweb-neoforge-1.21-1.4.0.jar,410948,5ae5dbf4184a62b9ff5bd31f6f8ba62943dd197d,META-INF/neoforge.mods.toml,cobweb,Cobweb,neoforge
FactorMoon\mods\CodeChickenLib-1.21.1-4.6.1.526.jar,CodeChickenLib-1.21.1-4.6.1.526.jar,1538347,6a278b5a2788c2fee7ae52d17f24187332d436b2,META-INF/neoforge.mods.toml,codechickenlib,CodeChicken Lib,neoforge
FactorMoon\mods\colorfulhearts-neoforge-1.21.1-10.5.9.jar,colorfulhearts-neoforge-1.21.1-10.5.9.jar,156588,ec63110d126cf95dabe220116bd394e701265de7,META-INF/neoforge.mods.toml,colorfulhearts,Colorful Hearts,neoforge
FactorMoon\mods\colorwheel-neoforge-1.2.4+mc1.21.1.jar,colorwheel-neoforge-1.2.4+mc1.21.1.jar,384085,e70b717b6e681b2fdb5cd1788110ab4959328b33,META-INF/neoforge.mods.toml,colorwheel,Colorwheel,neoforge
FactorMoon\mods\colorwheel_patcher-neoforge-1.0.5+mc1.21.1.jar,colorwheel_patcher-neoforge-1.0.5+mc1.21.1.jar,210569,0e63780e5b8af294bf58609ac866b9866ab9537b,META-INF/neoforge.mods.toml,colorwheel_patcher,Colorwheel Patcher,neoforge
FactorMoon\mods\comforts-neoforge-9.0.5%2B1.21.1.jar,comforts-neoforge-9.0.5%2B1.21.1.jar,422658,21d6bee3821d62fe3356c51fb1d697871a3087ff,META-INF/neoforge.mods.toml,comforts,Comforts,neoforge
FactorMoon\mods\ConfigManager-neoforge-1.21.x-1.0.1.jar,ConfigManager-neoforge-1.21.x-1.0.1.jar,141558,4d9071cbb997b28c81215e16cf70eb430276f5d3,META-INF/neoforge.mods.toml,config_manager,Config Manager,neoforge
FactorMoon\mods\connectivity-1.21.1-7.6.jar,connectivity-1.21.1-7.6.jar,114165,6adebe84f745dec8fa33bc3982383bc1cc24d49e,META-INF/neoforge.mods.toml,connectivity,Connectivity Mod,neoforge
FactorMoon\mods\connector-2.0.0-beta.14+1.21.1-full.jar,connector-2.0.0-beta.14+1.21.1-full.jar,4526785,930067497b5c1249e51b3e33620ab4e72dc92f4c,,,,
FactorMoon\mods\ConnectorExtras-1.12.1+1.21.1.jar,ConnectorExtras-1.12.1+1.21.1.jar,86284,8ea07df55b26c8343d06df77936505a23e0d2140,META-INF/neoforge.mods.toml,connectorextras,Connector Extras,neoforge
FactorMoon\mods\ConstructionSticks-1.21.1-1.3.0.jar,ConstructionSticks-1.21.1-1.3.0.jar,262932,c73da674b08848c835ff45eadf47fdc8584fef82,META-INF/neoforge.mods.toml,constructionstick,Construction Sticks,neoforge
FactorMoon\mods\continuity-3.0.0+1.21.neoforge.jar,continuity-3.0.0+1.21.neoforge.jar,1014626,0aecd2d043ac25299254623fafdd9129ab2ba9c2,fabric.mod.json;META-INF/neoforge.mods.toml,continuity,Continuity,fabric;neoforge
FactorMoon\mods\Controlling-neoforge-1.21.1-19.0.5.jar,Controlling-neoforge-1.21.1-19.0.5.jar,77555,8a34424fc1428778be2fdbfa4da67b21b70bcbfe,META-INF/neoforge.mods.toml,controlling,Controlling,neoforge
FactorMoon\mods\copycats-3.0.4+mc.1.21.1-neoforge.jar,copycats-3.0.4+mc.1.21.1-neoforge.jar,1791747,6a11d5806bcf521e08faba1ee6ef5f31af55ca0f,META-INF/neoforge.mods.toml,copycats,Create: Copycats+,neoforge
FactorMoon\mods\Corgilib-NeoForge-1.21.1-5.0.0.9.jar,Corgilib-NeoForge-1.21.1-5.0.0.9.jar,309763,6699f876f9e10f936910055f7fe1a283d8bb9e0f,META-INF/neoforge.mods.toml,corgilib,CorgiLib,neoforge
FactorMoon\mods\cosmeticarmorreworked-1.21.1-v1-neoforge.jar,cosmeticarmorreworked-1.21.1-v1-neoforge.jar,92722,5f1e699cd0888b857ec63f01adaeb3571848bfea,META-INF/neoforge.mods.toml,cosmeticarmorreworked,CosmeticArmorReworked,neoforge
FactorMoon\mods\crafting_on_a_stick-1.21.0.4.jar,crafting_on_a_stick-1.21.0.4.jar,78661,9ea4bcce2d468b13e20871789dde525d49454076,META-INF/neoforge.mods.toml,crafting_on_a_stick,Crafting On A Stick,neoforge
FactorMoon\mods\craftingtweaks-neoforge-1.21.1-21.1.7.jar,craftingtweaks-neoforge-1.21.1-21.1.7.jar,255939,54379f303f3fba8a1026e3f18e88ec4d6e042f8b,META-INF/neoforge.mods.toml,craftingtweaks,Crafting Tweaks,neoforge
FactorMoon\mods\crashutilities-9.0.4.jar,crashutilities-9.0.4.jar,225310,5117a448b0611f60fbe743a4a631e431dd31740e,META-INF/neoforge.mods.toml,crashutilities,Crash Utilities,neoforge
FactorMoon\mods\Create Encased-1.21.1-1.8-ht2.jar,Create Encased-1.21.1-1.8-ht2.jar,2410332,957a7ee1741c7a8536bedd401a923d7fb73a7092,META-INF/neoforge.mods.toml,createcasing,Create Encased,neoforge
FactorMoon\mods\create-1.21.1-6.0.10.jar,create-1.21.1-6.0.10.jar,19123767,0e97e49837bed766e6f28a4c95b04885d6acc353,META-INF/neoforge.mods.toml,create,Create,neoforge
FactorMoon\mods\create-aeronautics-bundled-1.21.1-1.2.1.jar,create-aeronautics-bundled-1.21.1-1.2.1.jar,33030286,fdf1ae69e8b6437e0196b3a35dd2325aa904aba9,META-INF/neoforge.mods.toml,aeronautics_bundled,Create Aeronautics,neoforge
FactorMoon\mods\create-central-kitchen-2.4.0.jar,create-central-kitchen-2.4.0.jar,342464,6a91f304a1e023e8b9b34ccf95f19dd74c3edd55,META-INF/neoforge.mods.toml,create_central_kitchen,Create: Central Kitchen,neoforge
FactorMoon\mods\create-confectionery1.21.1_v1.1.3b.jar,create-confectionery1.21.1_v1.1.3b.jar,2127265,47e235efa862c5cbea53fdf8346d4c499674defa,META-INF/neoforge.mods.toml;META-INF/mods.toml,create_confectionery,Create Confectionery,neoforge;forge
FactorMoon\mods\create-dyn-light-2.3.1-sodium-sable.jar,create-dyn-light-2.3.1-sodium-sable.jar,151383,d8db69c0b72b750feaa2c4ed41de906bdebd1e5f,META-INF/neoforge.mods.toml,createdynlight,Create Dynamic Lights,neoforge
FactorMoon\mods\create-enchantment-industry-2.3.1.jar,create-enchantment-industry-2.3.1.jar,684729,e9a57b322459bda9905e4287d2582ad600909b11,META-INF/neoforge.mods.toml,create_enchantment_industry,Create: Enchantment Industry,neoforge
FactorMoon\mods\create-integrated-farming-1.2.2.jar,create-integrated-farming-1.2.2.jar,408066,5dd16c55c89c8e4bb72a28fd09f5d9824c3341de,META-INF/neoforge.mods.toml,create_integrated_farming,Create: Integrated Farming,neoforge
FactorMoon\mods\create-new-age-1.1.7c+neoforge-mc1.21.1.jar,create-new-age-1.1.7c+neoforge-mc1.21.1.jar,1590363,ee352726afeaf935098471f12102da4b2a6fe18e,META-INF/neoforge.mods.toml,create_new_age,Create: New Age,neoforge
FactorMoon\mods\create-stuff-additions1.21.1_v2.1.0e.jar,create-stuff-additions1.21.1_v2.1.0e.jar,1318700,5de330acd44af9e09430a7710687ad176dabf1e2,META-INF/neoforge.mods.toml;META-INF/mods.toml,create_sa,Create Stuff 'N Additions;Create Stuff & Additions,neoforge;forge
FactorMoon\mods\create_aquatic_ambitions-1.21.1-2.0.2.jar,create_aquatic_ambitions-1.21.1-2.0.2.jar,1041906,39945d25188f3cb8feb74d09b78d7f7f7a74aaa7,META-INF/neoforge.mods.toml,create_aquatic_ambitions,Create Aquatic Ambitions,neoforge
FactorMoon\mods\create_bb-1.0.7-1.21.1-Neoforge.jar,create_bb-1.0.7-1.21.1-Neoforge.jar,2613213,7a6eae4bc851786c6519c8cac956b406cb71a8eb,META-INF/neoforge.mods.toml,create_bb,Create: Blocks & Bogies,neoforge
FactorMoon\mods\create_bic_bit-1.0.2C.jar,create_bic_bit-1.0.2C.jar,395943,7dfe3dc14f3a467e37ca8a2e64038fd6379b1988,META-INF/neoforge.mods.toml,create_bic_bit,Create: Bitterballen,neoforge
FactorMoon\mods\create_compatible_storage-2.11.0-neoforge.jar,create_compatible_storage-2.11.0-neoforge.jar,151253,8b16de39c6a741bea1472285271b1c269d5c0df5,META-INF/neoforge.mods.toml,create_compatible_storage,Create: Compatible Storage,neoforge
FactorMoon\mods\create_connected-1.1.16-mc1.21.1.jar,create_connected-1.1.16-mc1.21.1.jar,6608605,11fafde06b25b872f8d5c4e927516188b831cf1a,META-INF/neoforge.mods.toml,create_connected,Create: Connected,neoforge
FactorMoon\mods\create_factory-0.7a-1.21.1.jar,create_factory-0.7a-1.21.1.jar,211171,e01ca3c74453165c6914e3c655969543aaad0063,META-INF/neoforge.mods.toml,create_factory,Create: Factory,neoforge
FactorMoon\mods\create_hypertube-0.4.0-COMPAT-NEOFORGE.jar,create_hypertube-0.4.0-COMPAT-NEOFORGE.jar,423111,adbd8f617928af37b286cadf7b45707e2498f25a,META-INF/neoforge.mods.toml,create_hypertube,Create Hypertube,neoforge
FactorMoon\mods\create_jetpack-forge-5.1.2.jar,create_jetpack-forge-5.1.2.jar,481239,70b9f0f5464abea074416f10ab7745a6e732f9ba,META-INF/neoforge.mods.toml,create_jetpack,Create Jetpack,neoforge
FactorMoon\mods\create_ltab-3.9.2.jar,create_ltab-3.9.2.jar,2752729,572a66890702853709092529e3ed58c221e5eae3,fabric.mod.json;META-INF/neoforge.mods.toml;META-INF/mods.toml,create_ltab,Create Let The Adventure Begin,fabric;neoforge;forge
FactorMoon\mods\create_mechanical_spawner-1.21.1-1.3.0-6.0.8.jar,create_mechanical_spawner-1.21.1-1.3.0-6.0.8.jar,1216413,6c45ed6367ea9a90384b57b36d350f86f099996e,META-INF/neoforge.mods.toml,create_mechanical_spawner,Create: Mechanical spawner,neoforge
FactorMoon\mods\create_ore_excavation_plus-0.2.5-1.21.1.jar,create_ore_excavation_plus-0.2.5-1.21.1.jar,1386380,39f3e33528d5c1c7d0ff73b77bcc0bf7bdef1bd9,META-INF/neoforge.mods.toml,create_ore_excavation_plus,Create ore excavation Plus,neoforge
FactorMoon\mods\create_power_loader-2.0.4-mc1.21.1.jar,create_power_loader-2.0.4-mc1.21.1.jar,439565,05d56062e6998a2897b10a0ea5e66685860f336e,META-INF/neoforge.mods.toml,create_power_loader,Create: Power Loader,neoforge
FactorMoon\mods\create_structures_arise NeoForge 1.21.1 -175.48.47.jar,create_structures_arise NeoForge 1.21.1 -175.48.47.jar,1852594,3947caefe10538f70475e15af80425787498c322,META-INF/neoforge.mods.toml,create_structures_arise,Create: Structures Arise,neoforge
FactorMoon\mods\create_tweaked_controllers-1.21.1-1.2.7.jar,create_tweaked_controllers-1.21.1-1.2.7.jar,303343,6358da213d0eff982c3431a8d004a3e912f7957a,META-INF/neoforge.mods.toml;META-INF/mods.toml,create_tweaked_controllers,Create Tweaked Controllers;Create: Tweaked Controllers,neoforge;forge
FactorMoon\mods\create_ultimate_factory-2.2.4-neoforge-1.21.1.jar,create_ultimate_factory-2.2.4-neoforge-1.21.1.jar,235239,ed0ff71df9bfe3b66b97c51a2834031084300a65,META-INF/neoforge.mods.toml;META-INF/mods.toml,create_ultimate_factory,Create: Ultimate Factory,neoforge;forge
FactorMoon\mods\create_vibrant_vaults-0.3.2.jar,create_vibrant_vaults-0.3.2.jar,2687938,d0dbdde6318c4dd4ede1d2c091f1a64896ba872a,META-INF/neoforge.mods.toml,create_vibrant_vaults,Create: Vibrant Vaults,neoforge
FactorMoon\mods\createaddition-1.5.10.jar,createaddition-1.5.10.jar,1595173,2bd194da923dd38239ef49df30ecf1a720d38997,META-INF/neoforge.mods.toml,createaddition,Create Crafts & Additions,neoforge
FactorMoon\mods\createbetterfps-1.21.1-1.1.4.jar,createbetterfps-1.21.1-1.1.4.jar,26547,c594e20659b73a67bd0b0c2de45b29b78a2eb160,META-INF/neoforge.mods.toml,createbetterfps,CreateBetterFps,neoforge
FactorMoon\mods\CreateCyberGoggles-1.21.1-7.5.9-NeoForge.jar,CreateCyberGoggles-1.21.1-7.5.9-NeoForge.jar,456064,33c4f4ee19809d7f3c4c39dbe91cf04b53ce152e,META-INF/neoforge.mods.toml,create_cyber_goggles,Create: Cyber Goggles,neoforge
FactorMoon\mods\createdeco-2.1.3.jar,createdeco-2.1.3.jar,3328498,93d9eff58b46c6953e907d071e6be4e3ce07be38,META-INF/neoforge.mods.toml,createdeco,Create Deco,neoforge
FactorMoon\mods\createdieselgenerators-1.21.1-1.3.11.jar,createdieselgenerators-1.21.1-1.3.11.jar,3132480,4251563ec3c21048cf0f097dd0c6d21f2475507b,META-INF/neoforge.mods.toml,createdieselgenerators,Create Diesel Generators,neoforge
FactorMoon\mods\CreateDragonsPlus-1.10.0b.jar,CreateDragonsPlus-1.10.0b.jar,756460,e50ae4f50173b12232b8dbd6b85568b4b657c0cf,META-INF/neoforge.mods.toml,create_dragons_plus,Create: Dragons Plus,neoforge
FactorMoon\mods\createenchantablemachinery-3.6.0+mc1.21.1-neoforge.jar,createenchantablemachinery-3.6.0+mc1.21.1-neoforge.jar,575739,ed9a5cf654235f54a3c5aced27ac654d5258e393,META-INF/neoforge.mods.toml,createenchantablemachinery,Create: Enchantable Machinery,neoforge
FactorMoon\mods\createendertransmission-2.1.1-1.21.1.jar,createendertransmission-2.1.1-1.21.1.jar,84366,fbf165d068a3a9c6d24f1bcf68fb1af380ee2603,META-INF/neoforge.mods.toml,createendertransmission,Create Ender Transmission,neoforge
FactorMoon\mods\CreateEntityControl-0.3.8.4-6.0.x-neoforge-1.21.1.jar,CreateEntityControl-0.3.8.4-6.0.x-neoforge-1.21.1.jar,365509,ab92313b7798c6078c3b1f11bd441758b34f3de0,META-INF/neoforge.mods.toml,createentitycontrol,Create:Entity Control,neoforge
FactorMoon\mods\CreateFastSchematicCannon-1.4.1-neoforge-1.21.1.jar,CreateFastSchematicCannon-1.4.1-neoforge-1.21.1.jar,74294,c9a7d099468adf6a011c4ce33fca62e1391b8c40,META-INF/neoforge.mods.toml,createfastschematiccannon,Create: Fast Schematic Cannon,neoforge
FactorMoon\mods\createfood-neoforge-1.21.1-2.4.0.jar,createfood-neoforge-1.21.1-2.4.0.jar,8431301,ac5a9dd4c698342347d2ecffb3052df69bc53185,META-INF/neoforge.mods.toml,createfood,Create: Food,neoforge
FactorMoon\mods\creategoggles-1.21.1-6.1.1-[NEOFORGE].jar,creategoggles-1.21.1-6.1.1-[NEOFORGE].jar,180932,e0285c31a2d2501439264c33c965409c422cd5b1,META-INF/neoforge.mods.toml,creategoggles,Create Goggles,neoforge
FactorMoon\mods\CreateLazyTick-2.4.9-6.0.x-neoforge-1.21.1.jar,CreateLazyTick-2.4.9-6.0.x-neoforge-1.21.1.jar,451597,cb2d8a344270bbf97bb5af6e42c369ff15736493,META-INF/neoforge.mods.toml,createlazytick,Create:Lazy Tick,neoforge
FactorMoon\mods\createliquidfuel-2.1.1-1.21.1.jar,createliquidfuel-2.1.1-1.21.1.jar,18140,a29f65eb4bbded2ca977a1453f90b6570e812b85,META-INF/neoforge.mods.toml,createliquidfuel,Create Liquid Fuel,neoforge
FactorMoon\mods\createoreexcavation-1.21-1.6.8.jar,createoreexcavation-1.21-1.6.8.jar,476990,9a76b86ec7470d4bd7332f22d6e50a3693098c10,META-INF/neoforge.mods.toml,createoreexcavation,Create Ore Excavation,neoforge
FactorMoon\mods\createpickywheels-neoforge-1.21.1-6.0.9-6.jar,createpickywheels-neoforge-1.21.1-6.0.9-6.jar,86995,ce1827ed62945c1922d6c74134176b241a4d1335,META-INF/neoforge.mods.toml,createpickywheels,Create Picky Wheels,neoforge
FactorMoon\mods\createrailwaysnavigator-neoforge-1.21.1-beta-0.9.0-C6.jar,createrailwaysnavigator-neoforge-1.21.1-beta-0.9.0-C6.jar,2060438,749db1461e6ebca5a72154b2c75e14da82f64eb2,META-INF/neoforge.mods.toml,createrailwaysnavigator,Create Railways Navigator,neoforge
FactorMoon\mods\createschematicchecker-1.21.23-6.0-neoforge-1.21.1.jar,createschematicchecker-1.21.23-6.0-neoforge-1.21.1.jar,292873,eaea54e4ea39269bce4085c6710756222958e67b,META-INF/neoforge.mods.toml,createschematicchecker,Create:Schematic Checker,neoforge
FactorMoon\mods\createthreadedtrains-neoforge-1.21.1-1.0.0.jar,createthreadedtrains-neoforge-1.21.1-1.0.0.jar,77249,1dec765e324bf968a1685a173aff5a13c11d0856,META-INF/neoforge.mods.toml,createthreadedtrains,Create: Threaded Trains,neoforge
FactorMoon\mods\createtransmission-1.1.2+neoforge-create6-1.21.1.jar,createtransmission-1.1.2+neoforge-create6-1.21.1.jar,243276,a2eaf85833ce935b97eaace47d93c874386a03d7,META-INF/neoforge.mods.toml,createtransmission,Create: Transmission,neoforge
FactorMoon\mods\CreeperOverhaul-neoforge-1.21.1-4.0.6.jar,CreeperOverhaul-neoforge-1.21.1-4.0.6.jar,1185088,5a07cc032df790e7d110ad3dedb7a76253ffd565,META-INF/neoforge.mods.toml,creeperoverhaul,Creeper Overhaul,neoforge
FactorMoon\mods\cristellib-neoforge-1.21.1-3.0.3.jar,cristellib-neoforge-1.21.1-3.0.3.jar,539899,8e61459df2c76caa19d3f1e218522389ad812f6c,META-INF/neoforge.mods.toml,cristellib,Cristel Lib,neoforge
FactorMoon\mods\crowns-1.21.1-2.1.6.jar,crowns-1.21.1-2.1.6.jar,1264981,98659cd366c027b4142f2f765badb935c9db9464,META-INF/neoforge.mods.toml,crowns,Creating Rotation Operated With Nuclear Science,neoforge
FactorMoon\mods\cryonicconfig-neoforge-1.0.0%2Bmc1.21.11.jar,cryonicconfig-neoforge-1.0.0%2Bmc1.21.11.jar,133851,45b7240ad5cd561511ae3f80eea4cbfc110dae70,META-INF/neoforge.mods.toml,cryonicconfig,Cryonic Config,neoforge
FactorMoon\mods\crystalix-3.0.0.jar,crystalix-3.0.0.jar,817004,b2e75acbbf2f86b88573e89d073533d63c9fc298,META-INF/neoforge.mods.toml,crystalix,Crystalix,neoforge
FactorMoon\mods\CTM-1.21-1.2.1+3.jar,CTM-1.21-1.2.1+3.jar,240791,284232c08d3b999f05417761a3efba9b08ba20a7,META-INF/neoforge.mods.toml,ctm,ConnectedTexturesMod,neoforge
FactorMoon\mods\Cucumber-1.21.1-8.0.15.jar,Cucumber-1.21.1-8.0.15.jar,275523,e2928961f305d0a48e43a03b0a668ee123270f69,META-INF/neoforge.mods.toml,cucumber,Cucumber Library,neoforge
FactorMoon\mods\cupboard-1.21-3.5.jar,cupboard-1.21-3.5.jar,26659,e5f55c8f9d172048fe6f8b919cda1dbe3cbfbc70,META-INF/neoforge.mods.toml,cupboard,Cupboard mod,neoforge
FactorMoon\mods\curios-neoforge-9.5.1+1.21.1.jar,curios-neoforge-9.5.1+1.21.1.jar,410690,418fcd42e3a7844c9bdc71c9b6401fdb3894e0c4,META-INF/neoforge.mods.toml,curios,Curios API,neoforge
FactorMoon\mods\CustomPlayerModels-1.21-0.6.25a (1).jar,CustomPlayerModels-1.21-0.6.25a (1).jar,2780404,c896082b4fd9b6ee8895abead19ac29aa6c4df1f,fabric.mod.json;META-INF/neoforge.mods.toml,cpm,Customizable Player Models,fabric;neoforge
FactorMoon\mods\defaultoptions-neoforge-1.21.1-21.1.6.jar,defaultoptions-neoforge-1.21.1-21.1.6.jar,95747,92c8695dff4b5143919c4e80e4940c6afe873750,META-INF/neoforge.mods.toml,defaultoptions,Default Options,neoforge
FactorMoon\mods\deimos-1.21.1-neoforge-2.5.jar,deimos-1.21.1-neoforge-2.5.jar,49360,8a4e197b3ee958b7ef6e0ff374a6afa04941cbc0,META-INF/neoforge.mods.toml,deimos,Deimos,neoforge
FactorMoon\mods\disenchanting_table-merged-1.21.1-5.0.2.jar,disenchanting_table-merged-1.21.1-5.0.2.jar,306197,c054a8bef63addff4d4a9520ec4c7a915c3fc1d1,fabric.mod.json;META-INF/neoforge.mods.toml;META-INF/mods.toml,disenchanting_table,Dis-Enchanting Table,fabric;neoforge;forge
FactorMoon\mods\DnDesires-1.21.1-2.3a-BETA.jar,DnDesires-1.21.1-2.3a-BETA.jar,1249099,72635119b4bcc49b050c50d6cbb1abb02bb3982a,META-INF/neoforge.mods.toml,dndesires,Create: Dreams n' Desires,neoforge
FactorMoon\mods\dragonlib-neoforge-1.21.1-beta-3.0.26.jar,dragonlib-neoforge-1.21.1-beta-3.0.26.jar,2098083,df416137bae1b7205965c1a47b7f466da4564fd6,META-INF/neoforge.mods.toml,dragonlib,DragonLib,neoforge
FactorMoon\mods\dummmmmmy-1.21-2.0.11-neoforge.jar,dummmmmmy-1.21-2.0.11-neoforge.jar,218920,1bdaf699dd40c03c96a85f64ae9b54a8e40bb539,META-INF/neoforge.mods.toml,dummmmmmy,MmmMmmMmmMmm,neoforge
FactorMoon\mods\dungeons-and-taverns-v4.4.4.jar,dungeons-and-taverns-v4.4.4.jar,24859622,249a5bdd0e8622b8a11f88758e6f5fd5fda036a3,META-INF/neoforge.mods.toml,mr_dungeons_andtaverns,Dungeons and Taverns,neoforge
FactorMoon\mods\easy-villagers-neoforge-1.21.1-1.1.41.jar,easy-villagers-neoforge-1.21.1-1.1.41.jar,456649,8dae7a6bbd066a19c8f3571e5449bb47da3ba9b0,META-INF/neoforge.mods.toml,easy_villagers,Easy Villagers,neoforge
FactorMoon\mods\EdivadLib-1.21-3.0.0.jar,EdivadLib-1.21-3.0.0.jar,14133,99de3c473aa0120514a27d5a959a81c058e3fbb9,META-INF/neoforge.mods.toml,edivadlib,EdivadLib,neoforge
FactorMoon\mods\elevatorid-neoforge-1.21.1-1.11.4.jar,elevatorid-neoforge-1.21.1-1.11.4.jar,191190,87a5504efcd51de55cd4215a103cbfcf717fa022,META-INF/neoforge.mods.toml,elevatorid,ElevatorMod,neoforge
FactorMoon\mods\enchdesc-neoforge-1.21.1-21.1.9.jar,enchdesc-neoforge-1.21.1-21.1.9.jar,81847,e4fa515c5deab3165f250f2a1297ac836d496064,META-INF/neoforge.mods.toml,enchdesc,EnchantmentDescriptions,neoforge
FactorMoon\mods\enderdrives-neoforge-1.21.1-1.4.4.jar,enderdrives-neoforge-1.21.1-1.4.4.jar,317025,910f3c970434f0def3250e77226b6e3201a3f687,META-INF/neoforge.mods.toml,enderdrives,EnderDrives,neoforge
FactorMoon\mods\endermanoverhaul-neoforge-1.21.1-2.0.3.jar,endermanoverhaul-neoforge-1.21.1-2.0.3.jar,1330403,f71aa503738f2e23a8d939b7ea9f96f2fe203f11,META-INF/neoforge.mods.toml,endermanoverhaul,Enderman Overhaul,neoforge
FactorMoon\mods\entity_model_features-3.2.4-1.21-neoforge.jar,entity_model_features-3.2.4-1.21-neoforge.jar,567827,fcc0d7cfee5ace4dba159225edd151d90dd924b9,META-INF/neoforge.mods.toml,entity_model_features,Entity Model Features,neoforge
FactorMoon\mods\entity_texture_features_1.21-neoforge-7.1.jar,entity_texture_features_1.21-neoforge-7.1.jar,752334,56de40b237ff44dbf1bb68844e0f118607902684,META-INF/neoforge.mods.toml,entity_texture_features,Entity Texture Features,neoforge
FactorMoon\mods\entityculling-neoforge-1.10.1-mc1.21.1.jar,entityculling-neoforge-1.10.1-mc1.21.1.jar,1578350,68759da313caf8990bcd5d961bc691fa85fa3f0e,META-INF/neoforge.mods.toml;META-INF/mods.toml,entityculling,EntityCulling,neoforge;forge
FactorMoon\mods\EuphoriaPatcher-1.9.3-r5.8.1-neoforge.jar,EuphoriaPatcher-1.9.3-r5.8.1-neoforge.jar,4210708,a8e8a45390d30b82f722acc669d5cb2a5d9fff79,META-INF/neoforge.mods.toml,euphoria_patcher,Euphoria Patcher,neoforge
FactorMoon\mods\expandedae-2.1.1.jar,expandedae-2.1.1.jar,496713,c4db013f83e569b016da329b3ddc9c14acc75d7d,META-INF/neoforge.mods.toml,expandedae,Expanded AE,neoforge
FactorMoon\mods\experiencelib-1.21.1-1.2.1.jar,experiencelib-1.21.1-1.2.1.jar,169856,82a964a6a68519ade986760e964bb3309933671a,META-INF/neoforge.mods.toml,experiencelib,ExperienceLib,neoforge
FactorMoon\mods\ExplorersCompass-1.21.1-3.4.0-neoforge.jar,ExplorersCompass-1.21.1-3.4.0-neoforge.jar,174668,9f62af344988a6e2d855b113e61cf0e1611c7e0f,META-INF/neoforge.mods.toml,explorerscompass,Explorer's Compass,neoforge
FactorMoon\mods\ExtendedAE-1.21-2.2.31-neoforge.jar,ExtendedAE-1.21-2.2.31-neoforge.jar,5551958,8f5f84f922aec09bf77f67f525580aa61935c649,META-INF/neoforge.mods.toml,extendedae,ExtendedAE,neoforge
FactorMoon\mods\extra-move-anims-cobblemon-1.7v1.0.2.jar,extra-move-anims-cobblemon-1.7v1.0.2.jar,584731,88f5f5290a98311bed5e9ce68553f4447d18af9f,fabric.mod.json;META-INF/neoforge.mods.toml,mr_extra_moveanimscobblemon,Extra Move Animations (Cobblemon),fabric;neoforge
FactorMoon\mods\ExtremeSoundMuffler-3.55_NeoForge-1.21.jar,ExtremeSoundMuffler-3.55_NeoForge-1.21.jar,270217,b17090ea6a7c302c648f7bab12b37bbb3dd786f0,META-INF/neoforge.mods.toml,extremesoundmuffler,Extreme Sound Muffler,neoforge
FactorMoon\mods\FarmersDelight-1.21.1-1.3.1.jar,FarmersDelight-1.21.1-1.3.1.jar,3124506,49477fafca740e7ae348d934b552fb313358e8fe,META-INF/neoforge.mods.toml,farmersdelight,Farmer's Delight,neoforge
FactorMoon\mods\FastFurnace-1.21.1-9.0.1.jar,FastFurnace-1.21.1-9.0.1.jar,4623,acdcdc7c61b49b3b04490fce9843dcf8b531dfc3,META-INF/neoforge.mods.toml,fastfurnace,FastFurnace,neoforge
FactorMoon\mods\FastSuite-1.21.1-6.0.7.jar,FastSuite-1.21.1-6.0.7.jar,28193,664e62684311f727f1fac18f0de28e5317874b7e,META-INF/neoforge.mods.toml,fastsuite,Fast Suite,neoforge
FactorMoon\mods\FastWorkbench-1.21.1-9.1.3.jar,FastWorkbench-1.21.1-9.1.3.jar,28635,7343b63ded70c0546811c768118d16d3a86418ee,META-INF/neoforge.mods.toml,fastbench,Fast Workbench,neoforge
FactorMoon\mods\ferritecore-7.0.3-neoforge.jar,ferritecore-7.0.3-neoforge.jar,121559,9563692efb708b6b568df27a01ec52f6311928ef,META-INF/neoforge.mods.toml,ferritecore,Ferrite Core,neoforge
FactorMoon\mods\fightorflight-neoforge-0.10.7.jar,fightorflight-neoforge-0.10.7.jar,1418105,f4f468a3e88ab22e4fd36d78cfbc6223a2277332,META-INF/neoforge.mods.toml,fightorflight,Cobblemon Fight or Flight,neoforge
FactorMoon\mods\fireproofboats-1.21.1-1.0.4.jar,fireproofboats-1.21.1-1.0.4.jar,39734,9c1990abe5bcdc9a16cbfb9a9de3b0ac35dc752b,META-INF/neoforge.mods.toml,fireproofboats,Fireproof Boats,neoforge
FactorMoon\mods\flickerfix-1.21.1-6.1.0.jar,flickerfix-1.21.1-6.1.0.jar,4566,3eadf069d9eeb7fb4e2295828a8aaefe6691d96d,META-INF/neoforge.mods.toml,flickerfix,FlickerFix,neoforge
FactorMoon\mods\fluid-2.0.1.jar,fluid-2.0.1.jar,2024827,0c3279db034e67514a1b4225f048683f8fcc53d5,META-INF/neoforge.mods.toml,fluid,Create: Fluid,neoforge
FactorMoon\mods\ForgeConfigAPIPort-v21.1.6-1.21.1-NeoForge.jar,ForgeConfigAPIPort-v21.1.6-1.21.1-NeoForge.jar,104654,14f2dd9f43254b8c06af04b6f0c8ae5192f658b5,META-INF/neoforge.mods.toml,forgeconfigapiport,Forge Config API Port,neoforge
FactorMoon\mods\ForgedPaginatedAdvancements-0.0.2+1.21.1.jar,ForgedPaginatedAdvancements-0.0.2+1.21.1.jar,72603,a7c1d2d16babb7edb51c2fe0364a8ac25920b31c,META-INF/neoforge.mods.toml,paginatedadvancements,ForgedPaginatedAdvancements,neoforge
FactorMoon\mods\forgified-fabric-api-0.116.7+2.2.4+1.21.1.jar,forgified-fabric-api-0.116.7+2.2.4+1.21.1.jar,5569793,459b5f4c7297b2f7649d43137f3e5a069b69b707,META-INF/neoforge.mods.toml,fabric_api;forgified_fabric_api,Forgified Fabric API;Forgified Fabric API (dummy),neoforge
FactorMoon\mods\forgivingvoid-neoforge-1.21.1-21.1.7.jar,forgivingvoid-neoforge-1.21.1-21.1.7.jar,76432,bfcad985c5e335e2b712965c9b0d9028da01c845,META-INF/neoforge.mods.toml,forgivingvoid,Forgiving Void,neoforge
FactorMoon\mods\formicapi-1.21.1-2.2.5.jar,formicapi-1.21.1-2.2.5.jar,1026273,2df464baeb70e887bf7d682a678c8f5c9b0b5552,META-INF/neoforge.mods.toml,formicapi,Formic API,neoforge
FactorMoon\mods\FramedBlocks-10.5.3.jar,FramedBlocks-10.5.3.jar,4301567,bbbd02f99ab559bc68a72e3441e821c5cf81d8f1,META-INF/neoforge.mods.toml,framedblocks,FramedBlocks,neoforge
FactorMoon\mods\framework-neoforge-1.21.1-0.13.11.jar,framework-neoforge-1.21.1-0.13.11.jar,387334,e46eb138fbb13a12f37154fb4ec407d64b326475,META-INF/neoforge.mods.toml,framework,Framework,neoforge
FactorMoon\mods\ftb-chunks-neoforge-2101.1.14.jar,ftb-chunks-neoforge-2101.1.14.jar,642340,908b63b11d0e00ae6c9557d3fe6440bdbcf21bb7,META-INF/neoforge.mods.toml,ftbchunks,FTB Chunks,neoforge
FactorMoon\mods\ftb-essentials-neoforge-2101.1.9.jar,ftb-essentials-neoforge-2101.1.9.jar,209459,7d6f274b38d767215549ec066246390c49ac7ad8,META-INF/neoforge.mods.toml,ftbessentials,FTB Essentials,neoforge
FactorMoon\mods\ftb-filter-system-neoforge-21.1.4.jar,ftb-filter-system-neoforge-21.1.4.jar,211671,a48e54edeacc59aaba29a1b627799c052112ee0b,META-INF/neoforge.mods.toml,ftbfiltersystem,FTB Filter System,neoforge
FactorMoon\mods\ftb-jei-extras-21.1.7.jar,ftb-jei-extras-21.1.7.jar,69759,ef01126201a805991bbfe5351cff7d0a9e3a077b,META-INF/neoforge.mods.toml,ftbjeiextras,FTB Jei Extras,neoforge
FactorMoon\mods\ftb-library-neoforge-2101.1.31.jar,ftb-library-neoforge-2101.1.31.jar,1411181,686d4e784c28c14f7760cc22b2de6a8573b56b74,META-INF/neoforge.mods.toml,ftblibrary,FTB Library,neoforge
FactorMoon\mods\ftb-quests-neoforge-2101.1.24.jar,ftb-quests-neoforge-2101.1.24.jar,1466155,abe5eeccbddf10ae4e40c350cdb6e95ee9e4cde1,META-INF/neoforge.mods.toml,ftbquests,FTB Quests,neoforge
FactorMoon\mods\ftb-ranks-neoforge-2101.1.3.jar,ftb-ranks-neoforge-2101.1.3.jar,88382,07fdfa3a75c3481770ce0118090a347d89e3a560,META-INF/neoforge.mods.toml,ftbranks,FTB Ranks,neoforge
FactorMoon\mods\ftb-teams-neoforge-2101.1.10.jar,ftb-teams-neoforge-2101.1.10.jar,302712,363376ae0fb22cb0527170fdf6a066d1da9b0225,META-INF/neoforge.mods.toml,ftbteams,FTB Teams,neoforge
FactorMoon\mods\ftb-ultimine-neoforge-2101.1.13.jar,ftb-ultimine-neoforge-2101.1.13.jar,176935,c6ca0360843e5dbac57f3c01aa80fba5a0518553,META-INF/neoforge.mods.toml,ftbultimine,FTB Ultimine,neoforge
FactorMoon\mods\ftb-xmod-compat-neoforge-21.1.8.jar,ftb-xmod-compat-neoforge-21.1.8.jar,141328,0c25fc1a43c99eaa68c883dc77e3ebf4539629e6,META-INF/neoforge.mods.toml,ftbxmodcompat,FTB XMod Compat,neoforge
FactorMoon\mods\ftbquestslangsplitter-1.0.5.jar,ftbquestslangsplitter-1.0.5.jar,201142,74652f1f845c7a31f12b50163164eba06beebbd7,META-INF/neoforge.mods.toml,ftbquestslangsplitter,FTB Quests Lang Splitter,neoforge
FactorMoon\mods\fuelgoeshere-1.21.1-1.2.0.jar,fuelgoeshere-1.21.1-1.2.0.jar,7564,8b5f1c77adb52641189961896e10aa47399eccde,META-INF/neoforge.mods.toml,fuelgoeshere,Fuel Goes Here,neoforge
FactorMoon\mods\fusion-1.2.12-neoforge-mc1.21.1.jar,fusion-1.2.12-neoforge-mc1.21.1.jar,532912,d86f641b67d4b01d99da8424ba2a3edc0e6690b6,META-INF/neoforge.mods.toml,fusion,Fusion,neoforge
FactorMoon\mods\fzzy_config-0.7.6+1.21+neoforge.jar,fzzy_config-0.7.6+1.21+neoforge.jar,2369895,c0910f9b975aaab8545ce950539748fb33d704d1,META-INF/neoforge.mods.toml,fzzy_config,Fzzy Config,neoforge
FactorMoon\mods\GatewaysToEternity-1.21.1-5.1.0.jar,GatewaysToEternity-1.21.1-5.1.0.jar,646451,f91a593378209f527fe81e731ca60fe8f8da2319,META-INF/neoforge.mods.toml,gateways,Gateways To Eternity,neoforge
FactorMoon\mods\geckolib-neoforge-1.21.1-4.8.4.jar,geckolib-neoforge-1.21.1-4.8.4.jar,622582,eb854c8ec53ef922a5f3877a1aa4c1ce1352e0ce,META-INF/neoforge.mods.toml,geckolib,GeckoLib 4,neoforge
FactorMoon\mods\getittogetherdrops-neoforge-1.21.5-1.4.jar,getittogetherdrops-neoforge-1.21.5-1.4.jar,8825,ead940a50f69313802960c497e252acd3956334f,META-INF/neoforge.mods.toml,getittogetherdrops,"Get It Together, Drops!",neoforge
FactorMoon\mods\globalpacks-fabric-1.21.1-21.0.6.jar,globalpacks-fabric-1.21.1-21.0.6.jar,394707,6a0c4ccf2a8bc916173defc3c49c8e95285e66b9,fabric.mod.json;META-INF/neoforge.mods.toml;META-INF/mods.toml,globalpacks,Global Data- & Resourcepacks;Global Packs,fabric;neoforge;forge
FactorMoon\mods\Glodium-1.21-2.2-neoforge.jar,Glodium-1.21-2.2-neoforge.jar,61377,9f61a3162665ad0b37f6f268339ac98097af1a87,META-INF/neoforge.mods.toml,glodium,Glodium,neoforge
FactorMoon\mods\gravestone-neoforge-1.21.1-1.0.35.jar,gravestone-neoforge-1.21.1-1.0.35.jar,318685,91f5e2395081ac5f5034ce05f83bcbfca1e3fd5c,META-INF/neoforge.mods.toml,gravestone,Gravestone Mod,neoforge
FactorMoon\mods\guideme-21.1.15.jar,guideme-21.1.15.jar,9309183,924c6bca566ee83789a4fd1ce72ea3ddfdf0f5e5,META-INF/neoforge.mods.toml,guideme,GuideME,neoforge
FactorMoon\mods\handcrafted-neoforge-1.21.1-4.0.3.jar,handcrafted-neoforge-1.21.1-4.0.3.jar,7132842,8ecd27f1d66f9b742cfae3c8ffa773765f574b52,META-INF/neoforge.mods.toml,handcrafted,Handcrafted,neoforge
FactorMoon\mods\hardenedarmadillos-1.21.1-0.2.0.jar,hardenedarmadillos-1.21.1-0.2.0.jar,10389,1c9a37d6fe172580af5142c66b9157d21aa6c5f7,META-INF/neoforge.mods.toml,hardenedarmadillos,Hardened Armadillos,neoforge
FactorMoon\mods\HellishTrials-neoforge-1.0.5.jar,HellishTrials-neoforge-1.0.5.jar,581988,0c03bf04e99b3e8a310c9f5b6f3e7613e3b69528,META-INF/neoforge.mods.toml,hellish_trials,Hellish Trials,neoforge
FactorMoon\mods\heyberryshutup-1.21.0-2.0.4.jar,heyberryshutup-1.21.0-2.0.4.jar,6186,a897b4ac33d0fc5a2a533d56381c272f1e49520b,META-INF/neoforge.mods.toml,heyberryshutup,Hey Berry! SHUT UP,neoforge
FactorMoon\mods\highlight-neoforge-1.21.9-3.9.0.jar,highlight-neoforge-1.21.9-3.9.0.jar,471520,85838dacfbcbf621a3a4b91fefbbbf5f674d7f1f,META-INF/neoforge.mods.toml,highlight,Highlight,neoforge
FactorMoon\mods\huge-structure-blocks-neoforge-1.1.6.jar,huge-structure-blocks-neoforge-1.1.6.jar,100359,4123987771defe7f46899a332d9f858a661d99de,META-INF/neoforge.mods.toml,hugestructureblocks,Huge Structure Blocks,neoforge
FactorMoon\mods\IceAndFireCE-2.0-beta.15-1.21.1-neoforge.jar,IceAndFireCE-2.0-beta.15-1.21.1-neoforge.jar,20933691,c4d33745a8041465f2d12bb76fc048750288ce24,META-INF/neoforge.mods.toml,iceandfire,Ice And Fire Community Edition,neoforge
FactorMoon\mods\Iceberg-1.21.1-neoforge-1.3.2.jar,Iceberg-1.21.1-neoforge-1.3.2.jar,213853,f6014d198be9503573cd9cb41cc789d282768ad8,META-INF/neoforge.mods.toml,iceberg,Iceberg,neoforge
FactorMoon\mods\imfast-NEOFORGE-1.0.2.jar,imfast-NEOFORGE-1.0.2.jar,4157,2a62ae984777ef81d63adfb358608b72fedfcaf9,META-INF/neoforge.mods.toml,imfast,I'm Fast,neoforge
FactorMoon\mods\ImmediatelyFast-NeoForge-1.6.10+1.21.1.jar,ImmediatelyFast-NeoForge-1.6.10+1.21.1.jar,368598,f1f5cccd7cb59d875f44566b2e557ccecc8c33fb,META-INF/neoforge.mods.toml,immediatelyfast,ImmediatelyFast,neoforge
FactorMoon\mods\immersive_optimization-neoforge-1.21-0.1.4.jar,immersive_optimization-neoforge-1.21-0.1.4.jar,50887,3a1fde4119ccccaf39bcc738bf4db14f905c2b65,META-INF/neoforge.mods.toml,immersive_optimization,Immersive Optimization,neoforge
FactorMoon\mods\incontrol-1.21-10.2.6.jar,incontrol-1.21-10.2.6.jar,347280,8b25ac143e5c2392336d0f899160bdfe1ee3d1a5,META-INF/neoforge.mods.toml,incontrol,InControl,neoforge
FactorMoon\mods\interiors-1.21.1-neoforge-0.6.1.jar,interiors-1.21.1-neoforge-0.6.1.jar,486912,a558777ef4510da2f4d32ca3da6ac7384c9a9940,META-INF/neoforge.mods.toml,interiors,Create: Interiors,neoforge
FactorMoon\mods\invtweaks-1.21.1-1.3.2.jar,invtweaks-1.21.1-1.3.2.jar,77127,76969e26520ab060d51515757db25282bed71b10,META-INF/neoforge.mods.toml,invtweaks,Inventory Tweaks Refoxed,neoforge
FactorMoon\mods\iris-neoforge-1.8.12+mc1.21.1.jar,iris-neoforge-1.8.12+mc1.21.1.jar,2438548,a3e6355915c7d3b2bc392724795113e51d289378,META-INF/neoforge.mods.toml,iris,Iris,neoforge
FactorMoon\mods\ironfurnaces-neoforge-1.21.1-4.3.2.jar,ironfurnaces-neoforge-1.21.1-4.3.2.jar,576866,9a40f949ec9794cdef79bdabb61a12a918613194,META-INF/neoforge.mods.toml,ironfurnaces,Iron Furnaces,neoforge
FactorMoon\mods\IronJetpacks-1.21.1-8.0.11.jar,IronJetpacks-1.21.1-8.0.11.jar,154859,96bdaf7fa57b73a3c157edfc5d1afbfc2e23a65d,META-INF/neoforge.mods.toml,ironjetpacks,Iron Jetpacks,neoforge
FactorMoon\mods\itemcollectors-1.1.10-neoforge-mc1.21.jar,itemcollectors-1.1.10-neoforge-mc1.21.jar,100837,2019bdbb89da0f61ce40448164bdd9a5b13cb2d7,META-INF/neoforge.mods.toml,itemcollectors,Item Collectors,neoforge
FactorMoon\mods\Jade-1.21.1-NeoForge-15.10.5.jar,Jade-1.21.1-NeoForge-15.10.5.jar,725742,d5bf134b3dbde9f5258666823900e21341dc0a50,META-INF/neoforge.mods.toml,jade,Jade,neoforge
FactorMoon\mods\JadeAddons-1.21.1-NeoForge-6.1.0.jar,JadeAddons-1.21.1-NeoForge-6.1.0.jar,74419,d0aef07e67f9e2dd7ae68f9f27d845511d8eaff3,META-INF/neoforge.mods.toml,jadeaddons,Jade Addons,neoforge
FactorMoon\mods\jearchaeology-1.21.1-1.2.0.jar,jearchaeology-1.21.1-1.2.0.jar,53509,385e4937144b20c6cbf103945a73066f8dc1bc74,META-INF/neoforge.mods.toml,jearchaeology,Just Enough Archaeology,neoforge
FactorMoon\mods\jei-1.21.1-neoforge-19.27.0.340.jar,jei-1.21.1-neoforge-19.27.0.340.jar,1529391,27d0d85e7e32e926fc3664ab6815df5cdabb7941,META-INF/neoforge.mods.toml,jei,Just Enough Items,neoforge
FactorMoon\mods\jumpboat-1.21.0-1.0.5.jar,jumpboat-1.21.0-1.0.5.jar,5328,8fa562264f3ffd030773b2744ff6b42c52080ce6,META-INF/neoforge.mods.toml,jumpboat,Jumpy Boats,neoforge
FactorMoon\mods\jupiter-2.3.7-1.21.1-neoforge.jar,jupiter-2.3.7-1.21.1-neoforge.jar,278988,569fb484ea5c8e8d690945ad4cd132131a719751,META-INF/neoforge.mods.toml,jupiter,Jupiter,neoforge
FactorMoon\mods\justdirethings-1.5.7.jar,justdirethings-1.5.7.jar,2853190,f0327d7d2f389020063849200a4128ac9dcb52da,META-INF/neoforge.mods.toml,justdirethings,Just Dire Things,neoforge
FactorMoon\mods\justenoughbreeding-neoforge-1.21-1.21.1-1.6.2.jar,justenoughbreeding-neoforge-1.21-1.21.1-1.6.2.jar,134388,4f47678f57e2cadebd42484897bf5417d7fa344a,META-INF/neoforge.mods.toml,justenoughbreeding,Just Enough Breeding,neoforge
FactorMoon\mods\JustEnoughProfessions-neoforge-1.21.1-4.0.4.jar,JustEnoughProfessions-neoforge-1.21.1-4.0.4.jar,24449,e10a6b56bf838c457706be43e0ebe33745b68784,META-INF/neoforge.mods.toml,justenoughprofessions,Just Enough Professions (JEP),neoforge
FactorMoon\mods\justzoom_neoforge_2.1.0_MC_1.21.1.jar,justzoom_neoforge_2.1.0_MC_1.21.1.jar,43798,328da50972fa693b8e6f337d4a9560d4a6170ac3,META-INF/neoforge.mods.toml,justzoom,Just Zoom,neoforge
FactorMoon\mods\keybindbundles-1.4.0.jar,keybindbundles-1.4.0.jar,89565,02a9c2a3faf06eb46a0ec56cc2df7302e568ce27,META-INF/neoforge.mods.toml,keybindbundles,KeyBind Bundles,neoforge
FactorMoon\mods\KeybindsPurger-1.4.0-neoforge-1.21.1.jar,KeybindsPurger-1.4.0-neoforge-1.21.1.jar,39710,8e1baa9ab8aa4b2efaefd39df54b241bd64533df,META-INF/neoforge.mods.toml,keybindspurger,KeybindsPurger,neoforge
FactorMoon\mods\konkrete_neoforge_1.9.9_MC_1.21.jar,konkrete_neoforge_1.9.9_MC_1.21.jar,618842,97771eb287d5ac7fe667d1df9493d5e54c8ca1fa,META-INF/neoforge.mods.toml,konkrete,Konkrete,neoforge
FactorMoon\mods\kotlinforforge-5.11.0-all.jar,kotlinforforge-5.11.0-all.jar,6869790,4d83e8a8e8cb06b306d2cea1e903680fe513f1f3,,,,
FactorMoon\mods\krypton_fnp-neoforge-1.21.1-0.2.28.1-1.21.1.jar,krypton_fnp-neoforge-1.21.1-0.2.28.1-1.21.1.jar,1015871,3b9253fcfaa11586ce528fbc0a26175991c9408f,META-INF/neoforge.mods.toml,krypton_fnp,Krypton FNP,neoforge
FactorMoon\mods\kubejs-neoforge-2101.7.2-build.348.jar,kubejs-neoforge-2101.7.2-build.348.jar,2240610,75f96b2e4157c0efdbfd9f6271d080fb6921aaf4,META-INF/neoforge.mods.toml,kubejs,KubeJS,neoforge
FactorMoon\mods\kubejstweaks-1.0.6.jar,kubejstweaks-1.0.6.jar,421764,6548ec47aa6b0498c3018cde40d9d0a203b67446,META-INF/neoforge.mods.toml,kubejstweaks,KubeJS Tweaks,neoforge
FactorMoon\mods\L_Ender's Cataclysm 1.21.1-3.26.jar,L_Ender's Cataclysm 1.21.1-3.26.jar,73346508,5fff47ae29af42aa2a7e0d91e0d70dbb1c722061,META-INF/neoforge.mods.toml,cataclysm,L_Ender's Cataclysm 1.21.1,neoforge
FactorMoon\mods\laserbridges-1.21.1-neoforge-5.3.jar,laserbridges-1.21.1-neoforge-5.3.jar,199979,7948963864bce55a574d7c254c39760e9653bcc0,META-INF/neoforge.mods.toml,laserbridges,Laser Bridges & Doors,neoforge
FactorMoon\mods\LegendaryTooltips-1.21.1-neoforge-1.5.5.jar,LegendaryTooltips-1.21.1-neoforge-1.5.5.jar,81808,e7d3b66f3afe115c709749739f26f807ca8e827b,META-INF/neoforge.mods.toml,legendarytooltips,Legendary Tooltips,neoforge
FactorMoon\mods\lenientdeath-1.1.2.jar,lenientdeath-1.1.2.jar,82265,17ed36a3074832fed216ee62195d55af82f8727b,META-INF/neoforge.mods.toml,lenientdeath,Lenient Death For NeoForge,neoforge
FactorMoon\mods\libjf-3.17.6+forge.jar,libjf-3.17.6+forge.jar,730478,b6c4ffb3260f495344fa56ef3489c01e2b9552de,META-INF/neoforge.mods.toml,libjf,LibJF,neoforge
FactorMoon\mods\lionfishapi-2.6.jar,lionfishapi-2.6.jar,92312,3d9059ea05839e0daab926848d91ecb14ca5a4d4,META-INF/neoforge.mods.toml,lionfishapi,lionfishapi,neoforge
FactorMoon\mods\lithium-neoforge-0.15.3+mc1.21.1.jar,lithium-neoforge-0.15.3+mc1.21.1.jar,774148,9fd5fa9076044180ae7f51672de74669196ec72e,META-INF/neoforge.mods.toml,lithium,Lithium,neoforge
FactorMoon\mods\lithostitched-1.6.5-neoforge-21.1.jar,lithostitched-1.6.5-neoforge-21.1.jar,793877,a09b255f975a5d108d01ad102b80cea5c4ffa44d,META-INF/neoforge.mods.toml,lithostitched,Lithostitched,neoforge
FactorMoon\mods\little-big-redstone-1.5.2-beta-1.21.1.jar,little-big-redstone-1.5.2-beta-1.21.1.jar,1385906,17139b4409e1ff0cb0a354f2819acbd7914d7a68,META-INF/neoforge.mods.toml,little_big_redstone,Little Big Redstone,neoforge
FactorMoon\mods\livingthings-neoforge-1.21.1-2.3.0.jar,livingthings-neoforge-1.21.1-2.3.0.jar,962953,b5a54f8fd82c5e34558f3034e6c1fa00d3a3284c,META-INF/neoforge.mods.toml,livingthings,Living Things,neoforge
FactorMoon\mods\lmft-1.1.1+1.21.9-neoforge.jar,lmft-1.1.1+1.21.9-neoforge.jar,78624,492d597ca216f9d099be112e77a9a5c7ed138770,META-INF/neoforge.mods.toml;META-INF/mods.toml,lmft,Load My F***ing Tags,neoforge;forge
FactorMoon\mods\lootr-neoforge-1.21.1-1.11.37.118.jar,lootr-neoforge-1.21.1-1.11.37.118.jar,970642,95058da06c16441211619ce46950502fd5ac1f64,META-INF/neoforge.mods.toml,lootr,Lootr,neoforge
FactorMoon\mods\lootrmon-neoforge-1.21.1-0.0.0.1.jar,lootrmon-neoforge-1.21.1-0.0.0.1.jar,46718,d5b06c65bbba9fd2d4f62768a413965a51bb6f42,META-INF/neoforge.mods.toml,lootrmon,Lootr & Cobblemon Compatibility,neoforge
FactorMoon\mods\luminax-1.3.1_neoforge_1.21.1.jar,luminax-1.3.1_neoforge_1.21.1.jar,704672,8ec996b9783d05d4c107a3ea727ff9c7d52ce452,META-INF/neoforge.mods.toml,luminax,Luminax,neoforge
FactorMoon\mods\mcw-bridges-3.1.2-mc1.21.1neoforge.jar,mcw-bridges-3.1.2-mc1.21.1neoforge.jar,661387,71ece28129789a2123cf07e79938f488d8675bb2,META-INF/neoforge.mods.toml,mcwbridges,Macaw's Bridges,neoforge
FactorMoon\mods\mcw-doors-1.1.5-mc1.21.1neoforge.jar,mcw-doors-1.1.5-mc1.21.1neoforge.jar,1190404,c127904f23db1a641dd9e065ec51c5c177cb4cd7,META-INF/neoforge.mods.toml,mcwdoors,Macaw's Doors,neoforge
FactorMoon\mods\mcw-furniture-3.4.1-mc1.21.1neoforge.jar,mcw-furniture-3.4.1-mc1.21.1neoforge.jar,2080436,3dccc819f14bcc60b3683edd82ca8c5e64964229,META-INF/neoforge.mods.toml,mcwfurnitures,Macaw's Furniture,neoforge
FactorMoon\mods\mcw-holidays-1.1.2-mc1.21.1neoforge.jar,mcw-holidays-1.1.2-mc1.21.1neoforge.jar,1012915,fbe2d2239fdab916120357ca3c45f582ca34f71d,META-INF/neoforge.mods.toml,mcwholidays,Macaw's Holidays,neoforge
FactorMoon\mods\mcw-lights-1.1.5-mc1.21.1neoforge.jar,mcw-lights-1.1.5-mc1.21.1neoforge.jar,525744,13c1107caf26b2c60d8626b3658b26cc7f634b38,META-INF/neoforge.mods.toml,mcwlights,Macaw's Lights and Lamps,neoforge
FactorMoon\mods\mcw-mcwfences-1.2.1-mc1.21.1neoforge.jar,mcw-mcwfences-1.2.1-mc1.21.1neoforge.jar,673871,b5580c3fc521ed8bf4db3e407bd590efc317f74d,META-INF/neoforge.mods.toml,mcwfences,Macaw's Fences and Walls,neoforge
FactorMoon\mods\mcw-mcwpaths-1.1.1-mc1.21.1neoforge.jar,mcw-mcwpaths-1.1.1-mc1.21.1neoforge.jar,777742,4bb7e1d28eef19f87438881b0f582a15297b95ae,META-INF/neoforge.mods.toml,mcwpaths,Macaw's Paths and Pavings,neoforge
FactorMoon\mods\mcw-mcwstairs-1.0.2-mc1.21.1neoforge.jar,mcw-mcwstairs-1.0.2-mc1.21.1neoforge.jar,529082,1ee43d693c821efc955a74e551f94372af90a140,META-INF/neoforge.mods.toml,mcwstairs,Macaw's Stairs and Balconies,neoforge
FactorMoon\mods\mcw-mcwwindows-2.4.2-mc1.21.1neoforge.jar,mcw-mcwwindows-2.4.2-mc1.21.1neoforge.jar,1261268,eb1d3c118acb450cc2fe14c2ce7ce247a1bca60c,META-INF/neoforge.mods.toml,mcwwindows,Macaw's Windows,neoforge
FactorMoon\mods\mcw-roofs-2.3.2-mc1.21.1neoforge.jar,mcw-roofs-2.3.2-mc1.21.1neoforge.jar,1784829,05806ff152fab56f7c1b4b215d772ea73611283d,META-INF/neoforge.mods.toml,mcwroofs,Macaw's Roofs,neoforge
FactorMoon\mods\mcw-trapdoors-1.1.5-mc1.21.1neoforge.jar,mcw-trapdoors-1.1.5-mc1.21.1neoforge.jar,572870,1f8b59e31f889f53b6296b42ee09d447e7e56620,META-INF/neoforge.mods.toml,mcwtrpdoors,Macaw's Trapdoors,neoforge
FactorMoon\mods\Measurements-neoforge-1.21.1-3.0.3.jar,Measurements-neoforge-1.21.1-3.0.3.jar,47632,4c415df21ffe02b6619c204b84d20dbe94b5f3b1,META-INF/neoforge.mods.toml,measurements,Measurements,neoforge
FactorMoon\mods\mechanicals-1.21.1-1.1.0.jar,mechanicals-1.21.1-1.1.0.jar,507824,9fcb171d9191d7c2a76502eccb295520787c9e81,META-INF/neoforge.mods.toml,mechanicals,Mechanicals Lib,neoforge
FactorMoon\mods\mega_showdown-neoforge-1.8.4+1.7.3+1.21.1.jar,mega_showdown-neoforge-1.8.4+1.7.3+1.21.1.jar,17260759,60efa7de89d832ba7a80c9320fe89376a5d47089,META-INF/neoforge.mods.toml,mega_showdown,Cobblemon:Mega Showdown,neoforge
FactorMoon\mods\megacells-4.10.2.jar,megacells-4.10.2.jar,1121004,ae82f2784d1c620db31e651ac03259eec0a6765c,META-INF/neoforge.mods.toml,megacells,MEGA Cells,neoforge
FactorMoon\mods\melody_neoforge_1.0.10_MC_1.21.jar,melody_neoforge_1.0.10_MC_1.21.jar,36096,e83052a92c4ca0016bcfe7f0207273983dc84698,META-INF/neoforge.mods.toml,melody,Melody,neoforge
FactorMoon\mods\memorysettings-1.21-5.9.jar,memorysettings-1.21-5.9.jar,22328,46358f0310ea43fb23de2f831ddba6628dcb5f94,META-INF/neoforge.mods.toml,memorysettings,memorysettings mod,neoforge
FactorMoon\mods\merequester-neoforge-1.21.1-1.4.2.jar,merequester-neoforge-1.21.1-1.4.2.jar,184487,22c87905f348dc4cbe6ef69d1d877d4e6ebcadee,META-INF/neoforge.mods.toml,merequester,ME Requester,neoforge
FactorMoon\mods\merrymaking-1.21.1-14.jar,merrymaking-1.21.1-14.jar,21961335,388142a33e0db7f264208a1e0ddb17decc3d6968,META-INF/neoforge.mods.toml,merrymaking,Mama's MerryMaking,neoforge
FactorMoon\mods\midnightlib-neoforge-1.9.3+1.21.1.jar,midnightlib-neoforge-1.9.3+1.21.1.jar,61217,e0c9a1ffc6a53435029a23d9c110c44620595469,META-INF/neoforge.mods.toml,midnightlib,MidnightLib,neoforge
FactorMoon\mods\mininggadgets-1.18.6.jar,mininggadgets-1.18.6.jar,663946,3c0279d46a802cbbdb7c259691ae7254fe9e8183,META-INF/neoforge.mods.toml,mininggadgets,Mining Gadgets,neoforge
FactorMoon\mods\mob_grinding_utils-1.1.10+mc1.21.1.jar,mob_grinding_utils-1.1.10+mc1.21.1.jar,1370085,3dffde016ec61eb3961453e7142c85d11a4f4127,META-INF/neoforge.mods.toml,mob_grinding_utils,Mob Grinding Utils,neoforge
FactorMoon\mods\Mod Menu (NeoForge Edition) 1.21.1-1.0.2.jar,Mod Menu (NeoForge Edition) 1.21.1-1.0.2.jar,933248,075a0d5f30d1228f998e50c79e703bbd3037a836,META-INF/neoforge.mods.toml,mod_menu,Mod Menu (NeoForge Edition),neoforge
FactorMoon\mods\modelfix-1.21-1.10.jar,modelfix-1.21-1.10.jar,47035,9608b1bff92e075ad8c2feb07f7ef095f6887117,META-INF/neoforge.mods.toml,modelfix,Model Gap Fix,neoforge
FactorMoon\mods\modernfix-neoforge-5.27.5+mc1.21.1.jar,modernfix-neoforge-5.27.5+mc1.21.1.jar,569062,1731baeac095b487edaf29693e4a7ee18430281a,META-INF/neoforge.mods.toml,modernfix,ModernFix,neoforge
FactorMoon\mods\modular-routers-13.2.4%2Bmc1.21.1.jar,modular-routers-13.2.4%2Bmc1.21.1.jar,1284439,f4d535579462dc6436e4896daac4d2dd4ce8e428,META-INF/neoforge.mods.toml,modularrouters,Modular Routers,neoforge
FactorMoon\mods\ModularBees-1.21.1-2.11-neoforge.jar,ModularBees-1.21.1-2.11-neoforge.jar,530463,9ae93e2abe4c31bfdfd2dff520cd51bb1b50563f,META-INF/neoforge.mods.toml,modularbees,ModularBees,neoforge
FactorMoon\mods\molten_vents-1.21.1-2.1.1.jar,molten_vents-1.21.1-2.1.1.jar,88500,0d645330128d1d7dc0b330760f4517d3ff4a2a9d,META-INF/neoforge.mods.toml,molten_vents,Molten Vents,neoforge
FactorMoon\mods\monolib-neoforge-1.21.1-2.1.0.jar,monolib-neoforge-1.21.1-2.1.0.jar,179499,e618e28647fcbf931143f81bcd905d7c9c61f27b,META-INF/neoforge.mods.toml,monolib,MonoLib,neoforge
FactorMoon\mods\moonlight-neoforge-1.21.1-3.0.16.jar,moonlight-neoforge-1.21.1-3.0.16.jar,1576577,494ac7255ab0321f01a980cc21f1a3a5e4c0cf74,META-INF/neoforge.mods.toml,moonlight,Moonlight Lib,neoforge
FactorMoon\mods\MoreCobblemonTweaks-neoforge-1.3.3.jar,MoreCobblemonTweaks-neoforge-1.3.3.jar,138756,dcfce07ad4604a2a8a3a97f6c505ae6e015210d9,META-INF/neoforge.mods.toml,more_cobblemon_tweaks,MoreCobblemonTweaks,neoforge
FactorMoon\mods\moreculling-neoforge-1.21.1-1.0.7.jar,moreculling-neoforge-1.21.1-1.0.7.jar,344279,834cc35294be3bb514bc0ba571ab7337961af383,META-INF/neoforge.mods.toml,moreculling,More Culling,neoforge
FactorMoon\mods\moredragoneggs-5.0.jar,moredragoneggs-5.0.jar,6389,c9b26ad977aaa6c2d1bd1ad681edd77cf466537d,META-INF/neoforge.mods.toml,moredragoneggs,More Dragon Eggs,neoforge
FactorMoon\mods\moreoverlays-1.24.2-mc1.21.1-neoforge.jar,moreoverlays-1.24.2-mc1.21.1-neoforge.jar,112984,21e8bd61c5e146a9574266015d3f64621c2d9e18,META-INF/neoforge.mods.toml,moreoverlays,More Overlays Updated,neoforge
FactorMoon\mods\morered-1.21.1-6.0.0.3.jar,morered-1.21.1-6.0.0.3.jar,535669,a69f18365301470c0fc2b07125c9ba3c10f270f6,META-INF/neoforge.mods.toml,morered,More Red,neoforge
FactorMoon\mods\MoreRed-CCT-Compat-1.21.1-1.3.0.jar,MoreRed-CCT-Compat-1.21.1-1.3.0.jar,7312,534c64c86798ca691f0565bbf3fe09c9795a12df,META-INF/neoforge.mods.toml,moreredxcctcompat,More Red x CC:Tweaked Compat,neoforge
FactorMoon\mods\MouseTweaks-neoforge-mc1.21-2.26.1.jar,MouseTweaks-neoforge-mc1.21-2.26.1.jar,73938,6dae57f4f50f7808d2ed9a18f6cd1c0d4640c6bc,META-INF/neoforge.mods.toml,mousetweaks,Mouse Tweaks,neoforge
FactorMoon\mods\naturalist-1.0.2-neoforge-1.21.1.jar,naturalist-1.0.2-neoforge-1.21.1.jar,5028168,d026c2c4ac66a9bc656e9b894683d1131054a80a,META-INF/neoforge.mods.toml,naturalist,Naturalist,neoforge
FactorMoon\mods\NaturesCompass-1.21.1-3.4.0-neoforge.jar,NaturesCompass-1.21.1-3.4.0-neoforge.jar,224657,e19721873bebc4dbc1674bb101af39d0ea406b95,META-INF/neoforge.mods.toml,naturescompass,Nature's Compass,neoforge
FactorMoon\mods\NeoAuth-1.21.1-1.0.1.jar,NeoAuth-1.21.1-1.0.1.jar,61287,1eeb2aad79e2d9bac1b1d793768eb0d3483358fe,META-INF/neoforge.mods.toml,neo_auth,NeoAuth,neoforge
FactorMoon\mods\netherportalfix-neoforge-1.21.1-21.1.1.jar,netherportalfix-neoforge-1.21.1-21.1.1.jar,211972,7cf40ec774392823e709da7659a6d4a5a04c8c9d,META-INF/neoforge.mods.toml,netherportalfix,NetherPortalFix,neoforge
FactorMoon\mods\NoChatReports-NEOFORGE-1.21.1-v2.9.1.jar,NoChatReports-NEOFORGE-1.21.1-v2.9.1.jar,306668,9edfc7861277ff661141304dc8216f83eacdd9af,META-INF/neoforge.mods.toml,nochatreports,No Chat Reports,neoforge
FactorMoon\mods\nolijium-0.5.6.jar,nolijium-0.5.6.jar,362983,7074fda15f70440eb1e30f74a7dc70feadd49592,fabric.mod.json;META-INF/neoforge.mods.toml;META-INF/mods.toml,nolijium,Nolijium,fabric;neoforge;forge
FactorMoon\mods\novillagerdm-1.21.1-6.0.0.jar,novillagerdm-1.21.1-6.0.0.jar,4884,284694712ae9c5a17dfff4c0830048574996a229,META-INF/neoforge.mods.toml,novillagerdm,No Villager Death Messages,neoforge
FactorMoon\mods\observable-5.4.4.jar,observable-5.4.4.jar,388133,e17417eee213aac8291ff8bad1c6a5f710636b72,META-INF/neoforge.mods.toml,observable,Observable,neoforge
FactorMoon\mods\OctoLib-NEOFORGE-0.6.1%2B1.21.jar,OctoLib-NEOFORGE-0.6.1%2B1.21.jar,540285,052b71b4897b3a76b4b10afda4d9342e66fb19f1,META-INF/neoforge.mods.toml,octolib,OctoLib,neoforge
FactorMoon\mods\ok_zoomer-neo-10.0.0-beta.13.jar,ok_zoomer-neo-10.0.0-beta.13.jar,208085,bf38fe686628eca79cc1b33c6e60a1eb765c6b39,META-INF/neoforge.mods.toml,ok_zoomer,Ok Zoomer,neoforge
FactorMoon\mods\omegaconfig-neoforge-1.5.1.jar,omegaconfig-neoforge-1.5.1.jar,20181,0361933f62ad92e2197566ceb1f06308ed63d65d,META-INF/neoforge.mods.toml,omegaconfig,Omega Config Architectury,neoforge
FactorMoon\mods\only-bottle-caps-neoforge-1.3.0-port.1.jar,only-bottle-caps-neoforge-1.3.0-port.1.jar,42142,222019d4e5cd640f43a9a86617906813de5e19a7,META-INF/neoforge.mods.toml,obc,Only Bottle Caps,neoforge
FactorMoon\mods\OpenLoader-neoforge-1.21.1-21.1.5.jar,OpenLoader-neoforge-1.21.1-21.1.5.jar,35602,b4b49fa0bbefcecd41aaba60aca38c3658ac2c46,META-INF/neoforge.mods.toml,openloader,OpenLoader,neoforge
FactorMoon\mods\oracle_index-neoforge-1.1.1.jar,oracle_index-neoforge-1.1.1.jar,29779727,49c7c260aae8b3478621174ad83115c59d58ef5b,META-INF/neoforge.mods.toml,oracle_index,Oracle Index,neoforge
FactorMoon\mods\overloadedarmorbar-neoforge-1.21-2.jar,overloadedarmorbar-neoforge-1.21-2.jar,22307,250b3f1a34bcaee383545761f102834475e86819,META-INF/neoforge.mods.toml,overloadedarmorbar,OverloadedArmorBar,neoforge
FactorMoon\mods\owo-lib-neoforge-0.12.15.5-beta.1+1.21.jar,owo-lib-neoforge-0.12.15.5-beta.1+1.21.jar,1221583,48dda11a6710591cf162bdbedf982ea21dd1f2ed,META-INF/neoforge.mods.toml,owo,oωo,neoforge
FactorMoon\mods\packetfixer-3.3.1-1.20.5-1.21.X-merged.jar,packetfixer-3.3.1-1.20.5-1.21.X-merged.jar,46623,a8bb6e25807682e72c23bf4065f3cd5f6373ece3,fabric.mod.json;META-INF/neoforge.mods.toml,packetfixer,Packet Fixer;PacketFixer,fabric;neoforge
FactorMoon\mods\particlerain-4.0.0-beta.10+1.21.1-neoforge.jar,particlerain-4.0.0-beta.10+1.21.1-neoforge.jar,606757,d89946b1aa626803bbba98a58a708510c8523bb9,META-INF/neoforge.mods.toml,particlerain,Particle Rain,neoforge
FactorMoon\mods\particular-1.21.1-NeoForge-1.5.3.jar,particular-1.21.1-NeoForge-1.5.3.jar,303657,4daa6343ed9e77596bb60d2bbf3f6c40c7312c56,META-INF/neoforge.mods.toml,particular,Particular Reforged,neoforge
FactorMoon\mods\pasturelootnf-0.1.0+1.21.1.jar,pasturelootnf-0.1.0+1.21.1.jar,33347,008f4790a954191bd2dce540b6832b01cb54b9b0,META-INF/neoforge.mods.toml,pasturelootnf,Cobblemon Pasture Loot NeoForged,neoforge
FactorMoon\mods\Patchouli-1.21.1-93-NEOFORGE.jar,Patchouli-1.21.1-93-NEOFORGE.jar,646777,5413bb9b8fc35ebe46b06b48bf9afafbd8471140,META-INF/neoforge.mods.toml,patchouli,Patchouli,neoforge
FactorMoon\mods\petrolpark-1.21.1-1.4.32.jar,petrolpark-1.21.1-1.4.32.jar,6474964,cde03e213aa443a9cfbc465bfafe7fb90e23cd5d,META-INF/neoforge.mods.toml,petrolpark,Petrolpark's Library,neoforge
FactorMoon\mods\petrolsparts-1.21.1-1.2.10.jar,petrolsparts-1.21.1-1.2.10.jar,509152,d228f81fb8d9f9501f0077bcbe6b62852eccf0a1,META-INF/neoforge.mods.toml,petrolsparts,Petrol's Parts,neoforge
FactorMoon\mods\Ping-Wheel-1.12.2-neoforge-1.21.1.jar,Ping-Wheel-1.12.2-neoforge-1.21.1.jar,153528,bfc416a7bc2edde6ff98672a7df43a3d9930a396,META-INF/neoforge.mods.toml,pingwheel,Ping Wheel,neoforge
FactorMoon\mods\pipesnphysics-0.3.0.jar,pipesnphysics-0.3.0.jar,29017,3b53e3c87a655e9830a1109a3c3301f670c9086c,META-INF/neoforge.mods.toml,pipesnphysics,Create Pipes n Physics,neoforge
FactorMoon\mods\Placebo-1.21.1-9.9.1.jar,Placebo-1.21.1-9.9.1.jar,324056,1c2b8c38066d6f36209c5dadee25c184ef65202e,META-INF/neoforge.mods.toml,placebo,Placebo,neoforge
FactorMoon\mods\Platform-neoforge-1.21.1-1.3.3.jar,Platform-neoforge-1.21.1-1.3.3.jar,489341,4132ad6809008698b7f489a878e5a33a3879bbfd,META-INF/neoforge.mods.toml,platform,Platform,neoforge
FactorMoon\mods\player-animation-lib-forge-2.0.4+1.21.1.jar,player-animation-lib-forge-2.0.4+1.21.1.jar,203149,05be8ddcc78532b9a5520c718edc6c971cd0057c,META-INF/neoforge.mods.toml,playeranimator,Player Animator,neoforge
FactorMoon\mods\playerxp-neoforge-1.0.9+1.21.1.jar,playerxp-neoforge-1.0.9+1.21.1.jar,10974,6812cb62b249eb2d011a79c0010f531d4339286d,META-INF/neoforge.mods.toml,playerxp,PlayerXP,neoforge
FactorMoon\mods\poke-clothing-neoforge-1.1.2-port.1.jar,poke-clothing-neoforge-1.1.2-port.1.jar,118640,5e028e35647a44bef446d6aaf5c0bfd04e7b714a,META-INF/neoforge.mods.toml,poke_clothing,Poke Clothing,neoforge
FactorMoon\mods\polyeng-0.4.1.jar,polyeng-0.4.1.jar,20130,4add4d9e854807ed2b10c0cabf972244f862b21f,META-INF/neoforge.mods.toml,polyeng,Polymorphic Energistics,neoforge
FactorMoon\mods\polylib-2100.1.0-build.183-neoforge.jar,polylib-2100.1.0-build.183-neoforge.jar,1299974,2e77cd8a795c3171d8327e6b1f1b6413565c8da1,META-INF/neoforge.mods.toml,polylib,PolyLib,neoforge
FactorMoon\mods\polymorph-neoforge-1.1.0+1.21.1.jar,polymorph-neoforge-1.1.0+1.21.1.jar,174972,84f8c539fa326dc723ae62b7a6916d6b01982d07,META-INF/neoforge.mods.toml,polymorph,Polymorph,neoforge
FactorMoon\mods\ponderjs-neoforge-1.21.1-2.4.0.jar,ponderjs-neoforge-1.21.1-2.4.0.jar,1571893,9c35c5c31a613d58fc06e591e455bccfc3de6022,META-INF/neoforge.mods.toml,ponderjs,PonderJS,neoforge
FactorMoon\mods\Powah-6.2.8.jar,Powah-6.2.8.jar,2737273,cddbf8d2a6adfbcd8f73c13515af0da9c8139179,META-INF/neoforge.mods.toml,powah,Powah,neoforge
FactorMoon\mods\prickle-neoforge-1.21.1-21.1.11.jar,prickle-neoforge-1.21.1-21.1.11.jar,84812,5174059ecf97340a0de5ef211b938de26c4eaa36,META-INF/neoforge.mods.toml,prickle,PrickleMC,neoforge
FactorMoon\mods\Prism-1.21.1-neoforge-1.0.11.jar,Prism-1.21.1-neoforge-1.0.11.jar,62031,1ae6f7be2ba8f963344dbf27e552920a7bc7a35f,META-INF/neoforge.mods.toml,prism,Prism,neoforge
FactorMoon\mods\productivebees-1.21.1-13.13.3.jar,productivebees-1.21.1-13.13.3.jar,5214035,314d87dba79c3a09ef2131d9871608b9e8cdb6e8,META-INF/neoforge.mods.toml,productivebees,Productive Bees,neoforge
FactorMoon\mods\productivemetalworks-1.21.1-1.15.0.jar,productivemetalworks-1.21.1-1.15.0.jar,3042019,994781120d75e17c21851d1d3c5a2789a006eb49,META-INF/neoforge.mods.toml,productivemetalworks,Productive Metalworks,neoforge
FactorMoon\mods\productivetrees-1.21.1-0.8.1.jar,productivetrees-1.21.1-0.8.1.jar,13534494,35e6e55dac1f1497068a71346c74aa3cfa0204a6,META-INF/neoforge.mods.toml,productivetrees,Productive Trees,neoforge
FactorMoon\mods\pylons-1.21.1-5.4.2.jar,pylons-1.21.1-5.4.2.jar,217973,7a17b8fda2557c9466bc871403ba3b6ea5990e58,META-INF/neoforge.mods.toml,pylons,Pylons,neoforge
FactorMoon\mods\railcraft-reborn-1.21.1-1.2.10.jar,railcraft-reborn-1.21.1-1.2.10.jar,5290986,e6bad517eed5d60923b2a0b28d9f7f83d7299f10,META-INF/neoforge.mods.toml,railcraft,Railcraft Reborn,neoforge
FactorMoon\mods\railways-0.2.0-beta.2+neoforge-mc1.21.1.jar,railways-0.2.0-beta.2+neoforge-mc1.21.1.jar,11904503,2767bb73a33358b7796239310416b13db476f0b4,META-INF/neoforge.mods.toml,railways,Create: Steam 'n' Rails 1.21.1,neoforge
FactorMoon\mods\Rainbows-1.21-1.5.jar,Rainbows-1.21-1.5.jar,2307740,82a789be56ea483e0ca94454c780da0b47e937d1,META-INF/neoforge.mods.toml,rainbows,Rainbows,neoforge
FactorMoon\mods\rangedpumps-1.3.0.jar,rangedpumps-1.3.0.jar,25483,b2430e501d0c03d0464ec351e3e839cb2a56a06a,META-INF/neoforge.mods.toml,rangedpumps,Ranged Pumps,neoforge
FactorMoon\mods\rctapi-neoforge-1.21.1-0.15.2-beta.jar,rctapi-neoforge-1.21.1-0.15.2-beta.jar,235207,06914d0d3dde9e92d14b5944db4e494527d89df0,META-INF/neoforge.mods.toml,rctapi,Radical Cobblemon Trainers API,neoforge
FactorMoon\mods\rctmod-neoforge-1.21.1-0.18.1-beta.jar,rctmod-neoforge-1.21.1-0.18.1-beta.jar,7536984,98afe295a4ac17dc6fd1427df623b721fbf11b50,META-INF/neoforge.mods.toml,rctmod,Radical Cobblemon Trainers,neoforge
FactorMoon\mods\reap-neoforge-1.21.1-1.1.2.jar,reap-neoforge-1.21.1-1.1.2.jar,140551,c57c3bcfdaf55e4719cc785b72631a794e5381fc,META-INF/neoforge.mods.toml,reap,Reap Mod,neoforge
FactorMoon\mods\rebind_narrator-1.21.1-neoforge-2025.12.23.jar,rebind_narrator-1.21.1-neoforge-2025.12.23.jar,213661,3e28da451f5d7eecb35d195fb08bfe4d7f9022ec,META-INF/neoforge.mods.toml,rebind_narrator,Rebind Narrator,neoforge
FactorMoon\mods\redstonepen-1.21-neoforge-1.11.42.jar,redstonepen-1.21-neoforge-1.11.42.jar,513816,4c9a706061c0e303a02431905a4fbb63c28d14be,META-INF/neoforge.mods.toml,redstonepen,Redstone Pen,neoforge
FactorMoon\mods\reeses-sodium-options-neoforge-1.8.3+mc1.21.4.jar,reeses-sodium-options-neoforge-1.8.3+mc1.21.4.jar,78451,b03d05495be28d8cef7a34872941bb8d703d60e6,META-INF/neoforge.mods.toml,reeses_sodium_options,Reese's Sodium Options,neoforge
FactorMoon\mods\regions_unexplored-neoforge-1.21.1-0.5.9.jar,regions_unexplored-neoforge-1.21.1-0.5.9.jar,5365182,064c2da020731fadd07e095707320431df12288d,META-INF/neoforge.mods.toml,regions_unexplored,Regions Unexplored,neoforge
FactorMoon\mods\relics-1.21.1-0.11.14.jar,relics-1.21.1-0.11.14.jar,4121604,7d4c14db31ecba9029cb0e016989b84c1212acf3,META-INF/neoforge.mods.toml,relics,Relics,neoforge
FactorMoon\mods\reliquified_artifacts-1.21.1-1.0.4.jar,reliquified_artifacts-1.21.1-1.0.4.jar,658045,5c1717a11d105f33021d805eefd4184a450cfaf5,META-INF/neoforge.mods.toml,reliquified_artifacts,reliquified_artifacts,neoforge
FactorMoon\mods\repeatable_trial_vaults-neoforge-1.21-1.0.2.jar,repeatable_trial_vaults-neoforge-1.21-1.0.2.jar,12734,6559a203e264afacc40af5010ad6a85b21e20a17,META-INF/neoforge.mods.toml,repeatable_trial_vaults,Repeatable Trial Vaults,neoforge
FactorMoon\mods\repurposed_structures-7.5.18%2B1.21.1-neoforge.jar,repurposed_structures-7.5.18%2B1.21.1-neoforge.jar,8238563,545fafd13197186038191d99c378ac4c04a6504c,META-INF/neoforge.mods.toml,repurposed_structures,Repurposed Structures,neoforge
FactorMoon\mods\resource_gamma_util-neoforge-1.21.1-1.4.0.jar,resource_gamma_util-neoforge-1.21.1-1.4.0.jar,40915,4b714160b35e06cdaf6960a5f8ed3580e4b24dcd,META-INF/neoforge.mods.toml,resource_gamma_util,Resource Gamma Util,neoforge
FactorMoon\mods\resourcefulconfig-neoforge-1.21-3.0.11.jar,resourcefulconfig-neoforge-1.21-3.0.11.jar,341009,6bf2b6ea9c071c00a2abcdc552667fb6f7d21031,META-INF/neoforge.mods.toml,resourcefulconfig,Resourcefulconfig,neoforge
FactorMoon\mods\resourcefullib-neoforge-1.21-3.0.12.jar,resourcefullib-neoforge-1.21-3.0.12.jar,484332,24389c8e48ff0e8594e4686b750c494c66a5f8df,META-INF/neoforge.mods.toml,resourcefullib,Resourceful Lib,neoforge
FactorMoon\mods\ResourcePackOverrides-v21.1.0-1.21.1-NeoForge.jar,ResourcePackOverrides-v21.1.0-1.21.1-NeoForge.jar,83035,42dddb70cc645a864596439ea95bd56e7a5561ed,META-INF/neoforge.mods.toml,resourcepackoverrides,Resource Pack Overrides,neoforge
FactorMoon\mods\rhino-2101.2.7-build.81.jar,rhino-2101.2.7-build.81.jar,882032,5dcc80079095706645d567353095297948a41eea,fabric.mod.json;META-INF/neoforge.mods.toml;META-INF/mods.toml,rhino,Rhino,fabric;neoforge;forge
FactorMoon\mods\Ribbits-1.21.1-NeoForge-4.1.6.jar,Ribbits-1.21.1-NeoForge-4.1.6.jar,2215572,22dfd6a52d31bcab58b93c2d4a637ae1b2a01895,META-INF/neoforge.mods.toml,ribbits,Ribbits,neoforge
FactorMoon\mods\s_a_b-1.4.3-neoforge-1.21.1.jar,s_a_b-1.4.3-neoforge-1.21.1.jar,1815476,7a73d69b83d2a4b217a4cccaf142bbd5793f6ae8,META-INF/neoforge.mods.toml,s_a_b,Steel armor blocks,neoforge
FactorMoon\mods\sable-neoforge-1.21.1-1.2.2.jar,sable-neoforge-1.21.1-1.2.2.jar,12719293,c5ecd3fcf60a31d84112c708abe29e341b2d1b73,META-INF/neoforge.mods.toml,sable,Sable,neoforge
FactorMoon\mods\SafePastures-1.1.1+1.21.1.jar,SafePastures-1.1.1+1.21.1.jar,8154,e2084f5e675cec071029492e13774f7ab71c9c1f,META-INF/neoforge.mods.toml,safepastures_neoforge,Safe Pastures,neoforge
FactorMoon\mods\sawmill-1.21-1.7.2-neoforge.jar,sawmill-1.21-1.7.2-neoforge.jar,521504,877389e2bb3b462b8180d4fc998799adbce6ada1,META-INF/neoforge.mods.toml,sawmill,Universal Sawmill,neoforge
FactorMoon\mods\ScalableCatsForce-NeoForge-3.7.1-build-11-with-library.jar,ScalableCatsForce-NeoForge-3.7.1-build-11-with-library.jar,16872119,b96d133a016dde480458d6102d66353c7eeacf6a,,,,
FactorMoon\mods\Searchables-neoforge-1.21.1-1.0.2.jar,Searchables-neoforge-1.21.1-1.0.2.jar,77326,5b8a0b43a474c066371b2e16f9bfb88622552a74,META-INF/neoforge.mods.toml,searchables,Searchables,neoforge
FactorMoon\mods\servercore-neoforge-1.5.10+1.21.1.jar,servercore-neoforge-1.5.10+1.21.1.jar,1429522,4524cd40cfa5019d8b5fbcb628b1616031838a0c,META-INF/neoforge.mods.toml,servercore,ServerCore,neoforge
FactorMoon\mods\sgearmetalworks-1.21.1-1.4.6.jar,sgearmetalworks-1.21.1-1.4.6.jar,624587,1951c74de72370cc3fc69f9bbb5248562a855d7b,META-INF/neoforge.mods.toml,sgearmetalworks,Silent Gear Metalworks,neoforge
FactorMoon\mods\shiny-1.21.1-1.2.5.jar,shiny-1.21.1-1.2.5.jar,961576,cb5572e9f23795065e45883accf10c82b42d70b8,META-INF/neoforge.mods.toml,shiny,Shiny!,neoforge
FactorMoon\mods\shrink-2.0.1.47-neoforge.jar,shrink-2.0.1.47-neoforge.jar,46062,17407b525c0c70a0f6f03a08024a14058f645d01,META-INF/neoforge.mods.toml,shrink,Shrink,neoforge
FactorMoon\mods\silent-gear-1.21.1-neoforge-4.1.5.jar,silent-gear-1.21.1-neoforge-4.1.5.jar,2967321,41d4b5188a6305d9f9468d86297f868256c0a3a4,META-INF/neoforge.mods.toml,silentgear,Silent Gear,neoforge
FactorMoon\mods\silent-lib-1.21.1-neoforge-10.5.1.jar,silent-lib-1.21.1-neoforge-10.5.1.jar,146707,b08b639706ce8cbc426045501b7f2da59eceb14f,META-INF/neoforge.mods.toml,silentlib,Silent Lib,neoforge
FactorMoon\mods\silentgems-1.21.1-neoforge-5.1.3.jar,silentgems-1.21.1-neoforge-5.1.3.jar,1457506,a296507e45f2a71cfc1e6cfcc6692340c4c4d913,META-INF/neoforge.mods.toml,silentgems,Silent's Gems,neoforge
FactorMoon\mods\simple_weather-1.0.13-hotfix.jar,simple_weather-1.0.13-hotfix.jar,82792,45ee8e8bb49c599bb3d7db7cdf6c91f90d13bb0c,META-INF/neoforge.mods.toml,simple_weather,Simple Weather,neoforge
FactorMoon\mods\SimpleBackups-1.21-4.0.29.jar,SimpleBackups-1.21-4.0.29.jar,70247,df19ea0a4d1b42697f30b8ae057ad689948a511c,META-INF/neoforge.mods.toml,simplebackups,Simple Backups,neoforge
FactorMoon\mods\simplehats-neoforge-1.21.1-0.4.0.jar,simplehats-neoforge-1.21.1-0.4.0.jar,1400084,81748b4f728575d9bbab571ab07e6a24cf3ff126,META-INF/neoforge.mods.toml,simplehats,SimpleHats,neoforge
FactorMoon\mods\simplemagnets-1.1.12c-neoforge-mc1.21.jar,simplemagnets-1.1.12c-neoforge-mc1.21.jar,146262,abba7efcee3ae31bd3512147053279422e866ebf,META-INF/neoforge.mods.toml,simplemagnets,Simple Magnets,neoforge
FactorMoon\mods\simplylight-1.5.3+1.21.1-b4.jar,simplylight-1.5.3+1.21.1-b4.jar,1103352,d85bfed3824cb66d258acf11c73edaf11d583223,META-INF/neoforge.mods.toml,simplylight,Simply Light,neoforge
FactorMoon\mods\sliceanddice-forge-4.2.4.jar,sliceanddice-forge-4.2.4.jar,406699,13d8835813b3851d4818c59ec8f7124e4a826c14,META-INF/neoforge.mods.toml,sliceanddice,Create Slice & Dice,neoforge
FactorMoon\mods\smart_particles-21.8.10.jar,smart_particles-21.8.10.jar,50773,f6f017e9d3f36f871781a1647937527bdc8a2fad,META-INF/neoforge.mods.toml,smart_particles,Smart Particles,neoforge
FactorMoon\mods\SmartBrainLib-neoforge-1.21.1-1.16.11.jar,SmartBrainLib-neoforge-1.21.1-1.16.11.jar,391053,0310135a01eeceefbc7f1ab017498a65f3ad6836,META-INF/neoforge.mods.toml,smartbrainlib,SmartBrainLib,neoforge
FactorMoon\mods\smithingtemplateviewer-1.0.4.jar,smithingtemplateviewer-1.0.4.jar,39702,4fea33926fafbd59f7434d1e4e64938ddee5d5db,META-INF/neoforge.mods.toml,smithingtemplateviewer,SmithingTemplateViewer,neoforge
FactorMoon\mods\sodium-extra-neoforge-0.6.0+mc1.21.1.jar,sodium-extra-neoforge-0.6.0+mc1.21.1.jar,367047,7473bb42753902c639294821af13e9cd9ee735da,META-INF/neoforge.mods.toml,sodium_extra,Sodium Extra,neoforge
FactorMoon\mods\sodium-neoforge-0.6.13+mc1.21.1.jar,sodium-neoforge-0.6.13+mc1.21.1.jar,1162994,38af70fa4dc4b2aaac636e92fdba3bedd5a025e1,META-INF/neoforge.mods.toml,sodium,Sodium,neoforge
FactorMoon\mods\sodiumdynamiclights-neoforge-1.0.10-1.21.1.jar,sodiumdynamiclights-neoforge-1.0.10-1.21.1.jar,299353,02e9bc7ba28147cdf2d608ecf4f2c1eab34b4652,META-INF/neoforge.mods.toml;META-INF/mods.toml,sodiumdynamiclights,Sodium Dynamic Lights,neoforge;forge
FactorMoon\mods\sodiumoptionsapi-neoforge-1.0.10-1.21.1.jar,sodiumoptionsapi-neoforge-1.0.10-1.21.1.jar,309122,5d014d031fa77ab600e07835b032ef4dcb79b442,META-INF/neoforge.mods.toml;META-INF/mods.toml,sodiumoptionsapi,Sodium Options API,neoforge;forge
FactorMoon\mods\sophisticatedbackpacks-1.21.1-3.25.37.1646.jar,sophisticatedbackpacks-1.21.1-3.25.37.1646.jar,1018662,94b6244681c7666553d14bda679a452d04dfc480,META-INF/neoforge.mods.toml,sophisticatedbackpacks,Sophisticated Backpacks,neoforge
FactorMoon\mods\sophisticatedbackpackscreateintegration-1.21.1-0.1.5.29.jar,sophisticatedbackpackscreateintegration-1.21.1-0.1.5.29.jar,82316,51851c61e8be5b799b5ad8aa109b3416509605b7,META-INF/neoforge.mods.toml,sophisticatedbackpackscreateintegration,Sophisticated Backpacks Create Integration,neoforge
FactorMoon\mods\sophisticatedcore-1.21.1-1.4.39.1852.jar,sophisticatedcore-1.21.1-1.4.39.1852.jar,1596646,6365d4d66c86c2a8f02c04513d6fd127e47801ff,META-INF/neoforge.mods.toml,sophisticatedcore,Sophisticated Core,neoforge
FactorMoon\mods\sophisticatedstorage-1.21.1-1.5.47.1724.jar,sophisticatedstorage-1.21.1-1.5.47.1724.jar,1679258,95705e7391880b84831abe3ef8c68dbfd75a7739,META-INF/neoforge.mods.toml,sophisticatedstorage,Sophisticated Storage,neoforge
FactorMoon\mods\sophisticatedstoragecreateintegration-1.21.1-0.1.17.132.jar,sophisticatedstoragecreateintegration-1.21.1-0.1.17.132.jar,133451,45a0318e8e49e7f3aab213df5cc32b3e7e128b6c,META-INF/neoforge.mods.toml,sophisticatedstoragecreateintegration,Sophisticated Storage Create Integration,neoforge
FactorMoon\mods\sophisticatedstorageinmotion-1.21.1-0.10.27.208.jar,sophisticatedstorageinmotion-1.21.1-0.10.27.208.jar,393442,5a25f3f0361578bc5829a8467551a95f51bf8810,META-INF/neoforge.mods.toml,sophisticatedstorageinmotion,Sophisticated Storage In Motion,neoforge
FactorMoon\mods\spark-1.10.124-neoforge.jar,spark-1.10.124-neoforge.jar,3642581,9430cc2ab64ff89d698be593769fb9f9ee4efae6,META-INF/neoforge.mods.toml,spark,spark,neoforge
FactorMoon\mods\stevescarts-1.21-1.2.18-neoforge.jar,stevescarts-1.21-1.2.18-neoforge.jar,2133617,c613e2a17f012fd735ca72e8c726c5b9f108fb09,META-INF/neoforge.mods.toml,stevescarts,StevesCarts2,neoforge
FactorMoon\mods\Structory_26.1_v1.3.16.jar,Structory_26.1_v1.3.16.jar,1261336,ee48f145a3a09fdb3f492576cbc21ed26abc74bb,fabric.mod.json;META-INF/neoforge.mods.toml;META-INF/mods.toml,structory,Structory,fabric;neoforge;forge
FactorMoon\mods\Structory_Towers_26.1_v1.0.16.jar,Structory_Towers_26.1_v1.0.16.jar,491545,ed22fe659cb3020f2e86b7619ce721714b9546be,fabric.mod.json;META-INF/neoforge.mods.toml;META-INF/mods.toml,structory_towers,Structory: Towers,fabric;neoforge;forge
FactorMoon\mods\Super%20Factory%20Manager%20(SFM)-MC1.21.1-4.32.0.jar,Super%20Factory%20Manager%20(SFM)-MC1.21.1-4.32.0.jar,1604662,5f2ea7f8cd33e5a99829155f392fdc4bad33fbc9,META-INF/neoforge.mods.toml,sfm,Super Factory Manager (SFM),neoforge
FactorMoon\mods\supermartijn642configlib-1.1.8-neoforge-mc1.21.jar,supermartijn642configlib-1.1.8-neoforge-mc1.21.jar,207514,07452242e389975e8a88b97066f4bae6a4ebe574,META-INF/neoforge.mods.toml,supermartijn642configlib,SuperMartijn642's Config Library,neoforge
FactorMoon\mods\supermartijn642corelib-1.1.21-neoforge-mc1.21.jar,supermartijn642corelib-1.1.21-neoforge-mc1.21.jar,558371,84802fbe1645de8caf61ccb07db6cf451e614f68,META-INF/neoforge.mods.toml,supermartijn642corelib,SuperMartijn642's Core Lib,neoforge
FactorMoon\mods\supplementaries-neoforge-1.21.1-3.6.7.jar,supplementaries-neoforge-1.21.1-3.6.7.jar,13302516,a2a0d9bb5170b779863c2743f18c04b0964c9875,META-INF/neoforge.mods.toml,supplementaries,Supplementaries,neoforge
FactorMoon\mods\sussysniffers-1.21.1-0.1.3.jar,sussysniffers-1.21.1-0.1.3.jar,95574,c7c838abeb62f6dc6b1c22336f2a96c592bc5948,META-INF/neoforge.mods.toml,sussysniffers,Sussy Sniffers,neoforge
FactorMoon\mods\t_and_t-neoforge-fabric-1.13.7+1.21.1.jar,t_and_t-neoforge-fabric-1.13.7+1.21.1.jar,3641681,eb7666961fb0b0d0ff8bc01ff62194952f6b6b8c,fabric.mod.json;META-INF/neoforge.mods.toml,t_and_t,Towns and Towers,fabric;neoforge
FactorMoon\mods\tectonic-3.0.22-neoforge-21.1.jar,tectonic-3.0.22-neoforge-21.1.jar,337253,12b0f4af2a2eaae3d9e9cb1a8a3fd1ca7e610314,META-INF/neoforge.mods.toml,tectonic,Tectonic,neoforge
FactorMoon\mods\tempad-1.21.1-3.0.4-all.jar,tempad-1.21.1-3.0.4-all.jar,1696464,7a4d6837c6f7a4c9a8f4e7054952df25c148033e,META-INF/neoforge.mods.toml,tempad,Tempad,neoforge
FactorMoon\mods\TerraBlender-neoforge-1.21.1-4.1.0.8.jar,TerraBlender-neoforge-1.21.1-4.1.0.8.jar,120364,2016eed89eac0eb0510d2190c3b0b80bf4346191,META-INF/neoforge.mods.toml,terrablender,TerraBlender,neoforge
FactorMoon\mods\Terralith_1.21.x_v2.5.8.jar,Terralith_1.21.x_v2.5.8.jar,3115385,bee0cfb1a8cd4bf3d96bccea224fb45d74de9085,fabric.mod.json;META-INF/neoforge.mods.toml;META-INF/mods.toml,terralith,Terralith,fabric;neoforge;forge
FactorMoon\mods\tesseract-api-neoforge-1.11.10-1.21.1.jar,tesseract-api-neoforge-1.11.10-1.21.1.jar,726159,250d7fa9cb3ee7211404c44a7f21d59b54f33b17,META-INF/neoforge.mods.toml,tesseract_api,Tesseract API,neoforge
FactorMoon\mods\tfmg-1.2.0.jar,tfmg-1.2.0.jar,4924243,b520f3687f60a69eb265ff5b9a16759b9e124103,META-INF/neoforge.mods.toml,tfmg,Create: The Factory Must Grow,neoforge
FactorMoon\mods\tiab-neoforge-6.5.4.jar,tiab-neoforge-6.5.4.jar,77755,3e6beaac5dbc48627263fee0a864db16eda53529,META-INF/neoforge.mods.toml,tiab,Time In A Bottle,neoforge
FactorMoon\mods\timcore-neoforge-1.7.3-1.32.0.jar,timcore-neoforge-1.7.3-1.32.0.jar,306328,741eb2aeac006f87d0d413965b2d965118ddae22,META-INF/neoforge.mods.toml,tim_core,Tim Core,neoforge
FactorMoon\mods\titanium-1.21-4.0.42.jar,titanium-1.21-4.0.42.jar,605755,aa71953b17a0a3618c6a44be428cf98e6885665b,META-INF/neoforge.mods.toml,titanium,Titanium,neoforge
FactorMoon\mods\ToastControl-1.21.1-9.0.1.jar,ToastControl-1.21.1-9.0.1.jar,21079,33477c2db0479c9be33d1ca3b2fa47cf6c97988c,META-INF/neoforge.mods.toml,toastcontrol,Toast Control,neoforge
FactorMoon\mods\tombstone-neoforge-1.21.1-9.4.8.jar,tombstone-neoforge-1.21.1-9.4.8.jar,2304453,759633541e96254f4dd73ac1af936d9df2328b76,META-INF/neoforge.mods.toml,tombstone,Corail Tombstone,neoforge
FactorMoon\mods\toms-peripherals-1.21-1.3.0.jar,toms-peripherals-1.21-1.3.0.jar,1339361,05b00990ede1804ef7030504ba051f55e199fed3,META-INF/neoforge.mods.toml,toms_peripherals,Tom's Peripherals,neoforge
FactorMoon\mods\ToolBelt-1.21.1-2.2.7.jar,ToolBelt-1.21.1-2.2.7.jar,216604,2833f695e72ec425de3cf30e6262680009462a1a,META-INF/neoforge.mods.toml,toolbelt,Tool Belt,neoforge
FactorMoon\mods\torchmaster-neoforge-1.21.1-21.1.9.jar,torchmaster-neoforge-1.21.1-21.1.9.jar,130605,3f565ecc8560eba3ae3e15ff6542a3025d7377a2,META-INF/neoforge.mods.toml,torchmaster,Torchmaster,neoforge
FactorMoon\mods\tpsum-1.21.1-0.0.3.jar,tpsum-1.21.1-0.0.3.jar,403810,1cba70a06458614692d6c56740ff3eea8715f0d3,META-INF/neoforge.mods.toml,tpsum,Tpsum,neoforge
FactorMoon\mods\tracks-neoforge-1.21.1-1.0.1.jar,tracks-neoforge-1.21.1-1.0.1.jar,166455,cccd208606d7ac33f483e1e8a237092712a1a2c0,META-INF/neoforge.mods.toml,tracks,Create Tracks,neoforge
FactorMoon\mods\trading_floor-3.0.16.jar,trading_floor-3.0.16.jar,214343,7be6d8b24f3120fa6a2520c32a2e6c8c4254322c,META-INF/neoforge.mods.toml,trading_floor,Create: Trading Floor,neoforge
FactorMoon\mods\transfer_labels-0.1.7.jar,transfer_labels-0.1.7.jar,155537,c1561ca14e685742b2e28d83c2ba473f767d4f80,META-INF/neoforge.mods.toml,transfer_labels,Transfer Labels,neoforge
FactorMoon\mods\trashcans-1.0.18c-neoforge-mc1.21.jar,trashcans-1.0.18c-neoforge-mc1.21.jar,159808,8e853e0784b01b36b4503ef5599be2724be74b07,META-INF/neoforge.mods.toml,trashcans,Trash Cans,neoforge
FactorMoon\mods\trashslot-neoforge-1.21.1-21.1.8.jar,trashslot-neoforge-1.21.1-21.1.8.jar,123953,ba534887309f6ff9edd8985edd51972513aa9cf6,META-INF/neoforge.mods.toml,trashslot,TrashSlot,neoforge
FactorMoon\mods\travelersbackpack-neoforge-1.21.1-10.1.35.jar,travelersbackpack-neoforge-1.21.1-10.1.35.jar,1405593,ce4573819cd409101d5d64ea88883c172d1cb0f7,META-INF/neoforge.mods.toml,travelersbackpack,Traveler's Backpack,neoforge
FactorMoon\mods\treetap-1.21.1-0.4.5.jar,treetap-1.21.1-0.4.5.jar,79670,b5bc7fc323fad9a9d1161f7e785c006e7e67c202,META-INF/neoforge.mods.toml,treetap,Tree Tap,neoforge
FactorMoon\mods\trinkets-3.10.0.jar,trinkets-3.10.0.jar,272944,f54756f938c7c273713b9f97d4a987eec551e892,fabric.mod.json,trinkets,Trinkets,fabric
FactorMoon\mods\trophymanager-1.21.1-2.4.3.jar,trophymanager-1.21.1-2.4.3.jar,82529,ca168a84f903074d2feb5606fce22d630de67223,META-INF/neoforge.mods.toml,trophymanager,Jonn's Trophies,neoforge
FactorMoon\mods\uranus-2.4-1.21.1-neoforge.jar,uranus-2.4-1.21.1-neoforge.jar,847484,757d8dd20bf22c7157e275c2a7643cde76984e4d,META-INF/neoforge.mods.toml,uranus,Uranus,neoforge
FactorMoon\mods\utilitarian-1.21.1-0.19.0.jar,utilitarian-1.21.1-0.19.0.jar,621666,184ee8b6efc3c64fe60ee2b09b1b6cb53aa13444,META-INF/neoforge.mods.toml,utilitarian,Utilitarian,neoforge
FactorMoon\mods\utilityvest-1.2.6.jar,utilityvest-1.2.6.jar,214312,ca7237fdf876343117561d745ac10de534f35a42,META-INF/neoforge.mods.toml,utilityvest,Utility vest,neoforge
FactorMoon\mods\valhelsia_core-neoforge-1.21.1-1.1.5.jar,valhelsia_core-neoforge-1.21.1-1.1.5.jar,181277,e7498e89bd7347c6d0f4411f55bd312490dfe814,META-INF/neoforge.mods.toml,valhelsia_core,Valhelsia Core,neoforge
FactorMoon\mods\VanillaBackport-neoforge-1.21.1-1.1.7.7.jar,VanillaBackport-neoforge-1.21.1-1.1.7.7.jar,54179814,98ac5799cae7cb0eefecdb77d8e2af6a77c5f54d,META-INF/neoforge.mods.toml,vanillabackport,VanillaBackport,neoforge
FactorMoon\mods\variantsandventures-neoforge-1.0.23%2Bmc1.21.1.jar,variantsandventures-neoforge-1.0.23%2Bmc1.21.1.jar,1076276,7c988c922062aaf8c84ddec9d29fc24b7a2d137e,META-INF/neoforge.mods.toml,variantsandventures,Variants&Ventures,neoforge
FactorMoon\mods\villagerconfig-neoforge-4.5.3+1.21.1.jar,villagerconfig-neoforge-4.5.3+1.21.1.jar,380583,66e37c0cfb44a452b6aefd57085f2fb5fd8e5516,fabric.mod.json;META-INF/neoforge.mods.toml,fiber;villagerconfig,fiber;VillagerConfig,fabric;neoforge
FactorMoon\mods\villagesandpillages-neoforge-mc1.21.1-1.0.3.jar,villagesandpillages-neoforge-mc1.21.1-1.0.3.jar,241257,f587626ba0b421f976f4bd1141bcdc3ca9d21abb,META-INF/neoforge.mods.toml,villagesandpillages,Villages & Pillages,neoforge
FactorMoon\mods\vista-1.21-3.1.2-neoforge.jar,vista-1.21-3.1.2-neoforge.jar,7021168,d9faca9d7931dfd5eca474af1fa7372d8d1ec741,META-INF/neoforge.mods.toml,vista,Vista,neoforge
FactorMoon\mods\VistaAeronauricsFix-1.0.1.jar,VistaAeronauricsFix-1.0.1.jar,6074,0596cfcd4703ef02c3044262caf2b4ee546c2ebb,META-INF/neoforge.mods.toml,vistafix,Vista Aeronautics Fix,neoforge
FactorMoon\mods\voicechat-neoforge-1.21.1-2.6.17.jar,voicechat-neoforge-1.21.1-2.6.17.jar,4902096,55fc0d529318620bd2ce7a635657014c5c98e189,META-INF/neoforge.mods.toml,voicechat;voicechat_api,Simple Voice Chat;Simple Voice Chat API,neoforge
FactorMoon\mods\waystones-neoforge-1.21.1-21.1.29.jar,waystones-neoforge-1.21.1-21.1.29.jar,876329,40f15e97d79e01ce65fe2fe752bef43689b32bff,META-INF/neoforge.mods.toml,waystones,Waystones,neoforge
FactorMoon\mods\wirelesschargers-1.0.9a-neoforge-mc1.21.jar,wirelesschargers-1.0.9a-neoforge-mc1.21.jar,315836,129e88001446f07d8d7c790d169f26814346befb,META-INF/neoforge.mods.toml,wirelesschargers,Wireless Chargers,neoforge
FactorMoon\mods\WitherSkeletonTweaks-1.21.1-10.1.1.jar,WitherSkeletonTweaks-1.21.1-10.1.1.jar,21929,eda07efc2f5e47492abe205295b182c219c6199f,META-INF/neoforge.mods.toml,wstweaks,Wither Skeleton Tweaks,neoforge
FactorMoon\mods\wits-1.3.0+1.21-neoforge.jar,wits-1.3.0+1.21-neoforge.jar,12231,4fb6e087325c70031fdb7fe6eb5278c5038511dd,META-INF/neoforge.mods.toml,wits,WITS,neoforge
FactorMoon\mods\worldweaver-21.0.21.jar,worldweaver-21.0.21.jar,2157863,5524090ba997262f1b38ffdc259ec164428e09f7,META-INF/neoforge.mods.toml,wover,WorldWeaver,neoforge
FactorMoon\mods\wunderlib-21.0.10.jar,wunderlib-21.0.10.jar,378820,330ab9d6d8d92a9337e97ef22e64f83fe2d4bf2a,META-INF/neoforge.mods.toml,wunderlib,WunderLib,neoforge
FactorMoon\mods\xaerominimap-neoforge-1.21.1-25.3.13.jar,xaerominimap-neoforge-1.21.1-25.3.13.jar,2138329,06cdb37f394bdbebce94c64644ae4bc21bd98959,META-INF/neoforge.mods.toml,xaerominimap,Xaero's Minimap,neoforge
FactorMoon\mods\xaeroworldmap-neoforge-1.21.1-1.40.16.jar,xaeroworldmap-neoforge-1.21.1-1.40.16.jar,1387011,d0865b6153c4d0feaf1551fb5309884ec3568c03,META-INF/neoforge.mods.toml,xaeroworldmap,Xaero's World Map,neoforge
FactorMoon\mods\yeetusexperimentus-neoforge-87.0.0.jar,yeetusexperimentus-neoforge-87.0.0.jar,570057,7132c346103d75a7c84da64b35b92e3a6f1ce3da,META-INF/neoforge.mods.toml,yeetusexperimentus,Yeetus Experimentus,neoforge
FactorMoon\mods\yet_another_config_lib_v3-3.8.2+1.21.1-neoforge.jar,yet_another_config_lib_v3-3.8.2+1.21.1-neoforge.jar,1118651,fe270c9f6e0a8142cf316944087f5109cef08bbb,META-INF/neoforge.mods.toml,yet_another_config_lib_v3,YetAnotherConfigLib,neoforge
FactorMoon\mods\YungsApi-1.21.1-NeoForge-5.1.6.jar,YungsApi-1.21.1-NeoForge-5.1.6.jar,388678,e1c394779fb9e038e4f7a1b4558d0432607d263b,META-INF/neoforge.mods.toml,yungsapi,YUNG's API,neoforge
FactorMoon\mods\YungsBetterDesertTemples-1.21.1-NeoForge-4.1.5.jar,YungsBetterDesertTemples-1.21.1-NeoForge-4.1.5.jar,905839,90529257dbd92558998c65178294bc7b2fd16a64,META-INF/neoforge.mods.toml,betterdeserttemples,YUNG's Better Desert Temples,neoforge
FactorMoon\mods\YungsBetterDungeons-1.21.1-NeoForge-5.1.4.jar,YungsBetterDungeons-1.21.1-NeoForge-5.1.4.jar,782160,73a660c13063450e555e5e2c015ae24d606b32b4,META-INF/neoforge.mods.toml,betterdungeons,YUNG's Better Dungeons,neoforge
FactorMoon\mods\YungsBetterEndIsland-1.21.1-NeoForge-3.1.2.jar,YungsBetterEndIsland-1.21.1-NeoForge-3.1.2.jar,398130,832f2c17425debe74a9f267f4136f1a0f0221d19,META-INF/neoforge.mods.toml,betterendisland,YUNG's Better End Island,neoforge
FactorMoon\mods\YungsBetterJungleTemples-1.21.1-NeoForge-3.1.2.jar,YungsBetterJungleTemples-1.21.1-NeoForge-3.1.2.jar,795839,d6b7ce6cf351b09cbd23147ff166c35cfdc572e8,META-INF/neoforge.mods.toml,betterjungletemples,YUNG's Better Jungle Temples,neoforge
FactorMoon\mods\YungsBetterMineshafts-1.21.1-NeoForge-5.1.1.jar,YungsBetterMineshafts-1.21.1-NeoForge-5.1.1.jar,493967,6a14e1d8201f068ca87ef8333e471c5378955906,META-INF/neoforge.mods.toml,bettermineshafts,YUNG's Better Mineshafts,neoforge
FactorMoon\mods\YungsBetterNetherFortresses-1.21.1-NeoForge-3.1.5.jar,YungsBetterNetherFortresses-1.21.1-NeoForge-3.1.5.jar,609639,4061ece2141475227646649046fc14c2da505922,META-INF/neoforge.mods.toml,betterfortresses,YUNG's Better Nether Fortresses,neoforge
FactorMoon\mods\YungsBetterOceanMonuments-1.21.1-NeoForge-4.1.2.jar,YungsBetterOceanMonuments-1.21.1-NeoForge-4.1.2.jar,1025571,fba629defdb92ad99ec4f411895afb6e19555a18,META-INF/neoforge.mods.toml,betteroceanmonuments,YUNG's Better Ocean Monuments,neoforge
FactorMoon\mods\YungsBetterStrongholds-1.21.1-NeoForge-5.1.3.jar,YungsBetterStrongholds-1.21.1-NeoForge-5.1.3.jar,461244,5d06a5850af7c577612d4592706a8e156bbe1cbf,META-INF/neoforge.mods.toml,betterstrongholds,YUNG's Better Strongholds,neoforge
FactorMoon\mods\YungsBetterWitchHuts-1.21.1-NeoForge-4.1.1.jar,YungsBetterWitchHuts-1.21.1-NeoForge-4.1.1.jar,174789,bbf6c91f4a2829c58bc024eaaab821986bc93de6,META-INF/neoforge.mods.toml,betterwitchhuts,YUNG's Better Witch Huts,neoforge
FactorMoon\mods\YungsExtras-1.21.1-NeoForge-5.1.1.jar,YungsExtras-1.21.1-NeoForge-5.1.1.jar,198183,62833733aaf407f36bdacf648ed4b2ef9940662b,META-INF/neoforge.mods.toml,yungsextras,YUNG's Extras,neoforge
FactorMoon\mods\zamega-neoforge-1.7.3.jar,zamega-neoforge-1.7.3.jar,2386377,a867f4a1eaa62418aa68c87cf45fe1d4514f0e07,META-INF/neoforge.mods.toml,zamega,zamega,neoforge
