decision,destination,source,kind,slug,file_or_version,expected_mod_id,matched_missing_mod_id,matched_missing_name,match_score,note,url
already_present_or_equivalent,mods,www.curseforge.com,mc-mods,accessories-compat-layer,7585673,accessories_compat_layer,,,,a matching/equivalent mod id is already present in FactorMoon,https://www.curseforge.com/minecraft/mc-mods/accessories-compat-layer/files/7585673
already_present_or_equivalent,mods,www.curseforge.com,mc-mods,accessories,7583320,accessories,,,,a matching/equivalent mod id is already present in FactorMoon,https://www.curseforge.com/minecraft/mc-mods/accessories/files/7583320
already_present_or_equivalent,mods,www.curseforge.com,mc-mods,advancementdisable,5510148,advancementdisable,cardinal-components,Cardinal Components API,0.462,a matching/equivalent mod id is already present in FactorMoon,https://www.curseforge.com/minecraft/mc-mods/advancementdisable/files/5510148
already_present_or_equivalent,mods,www.curseforge.com,mc-mods,advancement-plaques,8124727,advancementplaques,,,,a matching/equivalent mod id is already present in FactorMoon,https://www.curseforge.com/minecraft/mc-mods/advancement-plaques/files/8124727
already_present_or_equivalent,mods,www.curseforge.com,mc-mods,beautify-decorate,5947973,beautify,niftycarts,NiftyCarts,0.462,a matching/equivalent mod id is already present in FactorMoon,https://www.curseforge.com/minecraft/mc-mods/beautify-decorate/files/5947973
already_present_or_equivalent,mods,www.curseforge.com,mc-mods,better-beds,5437846,betterbeds,,,,a matching/equivalent mod id is already present in FactorMoon,https://www.curseforge.com/minecraft/mc-mods/better-beds/files/5437846
already_present_or_equivalent,mods,www.curseforge.com,mc-mods,better-f1-reborn,5673620,betterf1,,,,a matching/equivalent mod id is already present in FactorMoon,https://www.curseforge.com/minecraft/mc-mods/better-f1-reborn/files/5673620
already_present_or_equivalent,mods,www.curseforge.com,mc-mods,betterf3,7436342,betterf3,,,,a matching/equivalent mod id is already present in FactorMoon,https://www.curseforge.com/minecraft/mc-mods/betterf3/files/7436342
already_present_or_equivalent,mods,www.curseforge.com,mc-mods,better-third-person,5833474,betterthirdperson,,,,a matching/equivalent mod id is already present in FactorMoon,https://www.curseforge.com/minecraft/mc-mods/better-third-person/files/5833474
already_present_or_equivalent,mods,www.curseforge.com,mc-mods,biome-replacer,7451481,biome_replacer,immersive_aircraft,Immersive Aircraft,0.533,a matching/equivalent mod id is already present in FactorMoon,https://www.curseforge.com/minecraft/mc-mods/biome-replacer/files/7451481
already_present_or_equivalent,mods,www.curseforge.com,mc-mods,brb,5512413,brb,,,,a matching/equivalent mod id is already present in FactorMoon,https://www.curseforge.com/minecraft/mc-mods/brb/files/5512413
already_present_or_equivalent,mods,www.curseforge.com,mc-mods,cobblemon-capture-xp,7568508,capture_xp,cobblemonbattlepositions,Cobblemon Battle Positions,0.571,a matching/equivalent mod id is already present in FactorMoon,https://www.curseforge.com/minecraft/mc-mods/cobblemon-capture-xp/files/7568508
already_present_or_equivalent,mods,www.curseforge.com,mc-mods,carved-wood,8074012,carved_wood,,,,a matching/equivalent mod id is already present in FactorMoon,https://www.curseforge.com/minecraft/mc-mods/carved-wood/files/8074012
already_present_or_equivalent,mods,www.curseforge.com,mc-mods,catch-indicator,7864851,catchindicator,stackdeobfuscator,StackDeobfuscator,0.452,a matching/equivalent mod id is already present in FactorMoon,https://www.curseforge.com/minecraft/mc-mods/catch-indicator/files/7864851
already_present_or_equivalent,mods,www.curseforge.com,mc-mods,cobblemon-catch-rate-display,8050485,catchrate-display,cobblemonbattlepositions,Cobblemon Battle Positions,0.612,a matching/equivalent mod id is already present in FactorMoon,https://www.curseforge.com/minecraft/mc-mods/cobblemon-catch-rate-display/files/8050485
already_present_or_equivalent,mods,www.curseforge.com,mc-mods,cloth-config,7361439,cloth_config,poke-clothing,Poke Clothing,0.609,a matching/equivalent mod id is already present in FactorMoon,https://www.curseforge.com/minecraft/mc-mods/cloth-config/files/7361439
needs_download_and_metadata_check,datapacks,modrinth.com,datapack,cobble-caf-forms,NEndOzch,mr_cobble_cafforms,cobblecuisine,CobbleCuisine,0.593,datapack/resource pack candidate; verify pack_format and whether active data already exists,https://modrinth.com/datapack/cobble-caf-forms/version/NEndOzch
needs_download_and_metadata_check,datapacks,modrinth.com,datapack,cobblemon-additions,3.8.1,unknown:cobblemon-additions-4.1.6,cobblemonbattlepositions,Cobblemon Battle Positions,0.762,datapack/resource pack candidate; verify pack_format and whether active data already exists,https://modrinth.com/datapack/cobblemon-additions/version/3.8.1
already_present_or_equivalent,mods,www.curseforge.com,mc-mods,cobbledgacha,7787787,cobbledgacha,cobblecuisine,CobbleCuisine,0.560,a matching/equivalent mod id is already present in FactorMoon,https://www.curseforge.com/minecraft/mc-mods/cobbledgacha/files/7787787
already_present_or_equivalent,mods,www.curseforge.com,mc-mods,cobbledollars,6604564,cobbledollars,cobblecuisine,CobbleCuisine,0.538,a matching/equivalent mod id is already present in FactorMoon,https://www.curseforge.com/minecraft/mc-mods/cobbledollars/files/6604564
already_present_or_equivalent,mods,www.curseforge.com,mc-mods,cobblefurnies,7969051,cobblefurnies,cobblecuisine,CobbleCuisine,0.692,a matching/equivalent mod id is already present in FactorMoon,https://www.curseforge.com/minecraft/mc-mods/cobblefurnies/files/7969051
skip_modpack_file,skip,www.curseforge.com,modpacks,cobblemon-neoforge,7568756,cobblecuisine,cobblecuisine,CobbleCuisine,0.533,CurseForge modpack file is not a single mod jar for mods/,https://www.curseforge.com/minecraft/modpacks/cobblemon-neoforge/files/7568756
already_present_or_equivalent,mods,www.curseforge.com,mc-mods,cobblemon-alpha-project,7631041,mr_cobblemon_alphas,cobblemonbattlepositions,Cobblemon Battle Positions,0.622,a matching/equivalent mod id is already present in FactorMoon,https://www.curseforge.com/minecraft/mc-mods/cobblemon-alpha-project/files/7631041
needs_download_and_metadata_check,mods,www.curseforge.com,mc-mods,cobblemon-battle-extras,7968869,cobblemon-battle-extras,cobblemonbattlepositions,Cobblemon Battle Positions,0.756,"verify loader, Minecraft 1.21.1, NeoForge metadata, and dependencies before copying to mods",https://www.curseforge.com/minecraft/mc-mods/cobblemon-battle-extras/files/7968869
needs_download_and_metadata_check,mods,www.curseforge.com,mc-mods,cobblemon-ride-on,6739719,cobblemon_ride_on,cobblemonbattlepositions,Cobblemon Battle Positions,0.615,"verify loader, Minecraft 1.21.1, NeoForge metadata, and dependencies before copying to mods",https://www.curseforge.com/minecraft/mc-mods/cobblemon-ride-on/files/6739719
already_present_or_equivalent,mods,www.curseforge.com,mc-mods,cobblemon-journey-mounts,7440127,mr_cobblemon_journeymounts,cobblemonbattlepositions,Cobblemon Battle Positions,0.522,a matching/equivalent mod id is already present in FactorMoon,https://www.curseforge.com/minecraft/mc-mods/cobblemon-journey-mounts/files/7440127
already_present_or_equivalent,mods,www.curseforge.com,mc-mods,cobblemon-legends-untold-reborn,6198593,cobblemon_legends_reborn,cobblemonbattlepositions,Cobblemon Battle Positions,0.500,a matching/equivalent mod id is already present in FactorMoon,https://www.curseforge.com/minecraft/mc-mods/cobblemon-legends-untold-reborn/files/6198593
already_present_or_equivalent,mods,www.curseforge.com,mc-mods,cobblemon-quests,7257241,cobblemon_quests,cobblemonbattlepositions,Cobblemon Battle Positions,0.667,a matching/equivalent mod id is already present in FactorMoon,https://www.curseforge.com/minecraft/mc-mods/cobblemon-quests/files/7257241
already_present_or_equivalent,mods,modrinth.com,mod,cobblemon-shiny-rarities,0.2.1,cobblemon_shiny_rarities,cobblemonbattlepositions,Cobblemon Battle Positions,0.609,a matching/equivalent mod id is already present in FactorMoon,https://modrinth.com/mod/cobblemon-shiny-rarities/version/0.2.1
already_present_or_equivalent,mods,www.curseforge.com,mc-mods,cobblemon-wonder-trade,7725599,cobblemon_wonder_trade,cobblemon-fight-them-all,Cobblemon: Fight Them All,0.537,a matching/equivalent mod id is already present in FactorMoon,https://www.curseforge.com/minecraft/mc-mods/cobblemon-wonder-trade/files/7725599
already_present_or_equivalent,mods,modrinth.com,mod,cobblemon-trainer-structures,1.7.0,cobblemonopponents,cobblemonbattlepositions,Cobblemon Battle Positions,0.520,a matching/equivalent mod id is already present in FactorMoon,https://modrinth.com/mod/cobblemon-trainer-structures/version/1.7.0
already_present_or_equivalent,mods,www.curseforge.com,mc-mods,cobblemonraiddens,8158997,cobblemonraiddens,cobblemonbattlepositions,Cobblemon Battle Positions,0.634,a matching/equivalent mod id is already present in FactorMoon,https://www.curseforge.com/minecraft/mc-mods/cobblemonraiddens/files/8158997
already_present_or_equivalent,mods,www.curseforge.com,mc-mods,cobblemon-pokenav,7940651,cobblenav,cobblemonbattlepositions,Cobblemon Battle Positions,0.600,a matching/equivalent mod id is already present in FactorMoon,https://www.curseforge.com/minecraft/mc-mods/cobblemon-pokenav/files/7940651
already_present_or_equivalent,mods,www.curseforge.com,mc-mods,cobblepedia,7272042,cobblepedia,cobblecuisine,CobbleCuisine,0.583,a matching/equivalent mod id is already present in FactorMoon,https://www.curseforge.com/minecraft/mc-mods/cobblepedia/files/7272042
already_present_or_equivalent,mods,modrinth.com,mod,cobbreeding,xt8IiPEN,cobbreeding,cobblecuisine,CobbleCuisine,0.583,a matching/equivalent mod id is already present in FactorMoon,https://modrinth.com/mod/cobbreeding/version/xt8IiPEN
already_present_or_equivalent,mods,www.curseforge.com,mc-mods,continuity,5981335,continuity,poke-clothing,Poke Clothing,0.455,a matching/equivalent mod id is already present in FactorMoon,https://www.curseforge.com/minecraft/mc-mods/continuity/files/5981335
needs_download_and_metadata_check,mods,www.curseforge.com,mc-mods,cosmetic-armor-reworked,5610814,cosmeticarmor,,,,"verify loader, Minecraft 1.21.1, NeoForge metadata, and dependencies before copying to mods",https://www.curseforge.com/minecraft/mc-mods/cosmetic-armor-reworked/files/5610814
needs_download_and_metadata_check,mods,modrinth.com,mod,simple-splash-screen,1.21-1.3.2,customsplashscreen,smallships,Small Ships,0.500,"verify loader, Minecraft 1.21.1, NeoForge metadata, and dependencies before copying to mods",https://modrinth.com/mod/simple-splash-screen/version/1.21-1.3.2
already_present_or_equivalent,mods,www.curseforge.com,mc-mods,default-options,7966181,defaultoptions,respackopts,Resource Pack Options,0.545,a matching/equivalent mod id is already present in FactorMoon,https://www.curseforge.com/minecraft/mc-mods/default-options/files/7966181
already_present_or_equivalent,mods,www.curseforge.com,mc-mods,dynamic-lights,7906440,dynamiclights,,,,a matching/equivalent mod id is already present in FactorMoon,https://www.curseforge.com/minecraft/mc-mods/dynamic-lights/files/7906440
already_present_or_equivalent,mods,www.curseforge.com,mc-mods,entity-model-features,8063560,entity_model_features,niftycarts,NiftyCarts,0.483,a matching/equivalent mod id is already present in FactorMoon,https://www.curseforge.com/minecraft/mc-mods/entity-model-features/files/8063560
already_present_or_equivalent,mods,www.curseforge.com,mc-mods,entity-texture-features-fabric,7930637,entity_texture_features,,,,a matching/equivalent mod id is already present in FactorMoon,https://www.curseforge.com/minecraft/mc-mods/entity-texture-features-fabric/files/7930637
needs_download_and_metadata_check,mods,www.curseforge.com,mc-mods,euphoria-patches,8177588,euphoriapatcher,,,,"verify loader, Minecraft 1.21.1, NeoForge metadata, and dependencies before copying to mods",https://www.curseforge.com/minecraft/mc-mods/euphoria-patches/files/8177588
needs_download_and_metadata_check,datapacks,modrinth.com,datapack,extra-move-anims-cobblemon,1.7v1.0.2+mod,mr_extra_moveanimscobblemon,,,,datapack/resource pack candidate; verify pack_format and whether active data already exists,https://modrinth.com/datapack/extra-move-anims-cobblemon/version/1.7v1.0.2+mod
needs_download_and_metadata_check,mods,www.curseforge.com,mc-mods,kotlin-for-forge,7471280,kotlinforforge,poke-clothing,Poke Clothing,0.462,"verify loader, Minecraft 1.21.1, NeoForge metadata, and dependencies before copying to mods",https://www.curseforge.com/minecraft/mc-mods/kotlin-for-forge/files/7471280
already_present_or_equivalent,mods,modrinth.com,mod,cobblemon-fight-or-flight-reborn,kyo4qCAc,fightorflight,cobblemon-fight-them-all,Cobblemon: Fight Them All,0.612,a matching/equivalent mod id is already present in FactorMoon,https://modrinth.com/mod/cobblemon-fight-or-flight-reborn/version/kyo4qCAc
already_present_or_equivalent,mods,www.curseforge.com,mc-mods,forge-config-api-port,7213611,forgeconfigapiport,,,,a matching/equivalent mod id is already present in FactorMoon,https://www.curseforge.com/minecraft/mc-mods/forge-config-api-port/files/7213611
already_present_or_equivalent,mods,www.curseforge.com,mc-mods,forgiving-void,7966159,forgivingvoid,,,,a matching/equivalent mod id is already present in FactorMoon,https://www.curseforge.com/minecraft/mc-mods/forgiving-void/files/7966159
already_present_or_equivalent,mods,www.curseforge.com,mc-mods,globalpacks,6634585,globalpacks,pokeblocks,Pokeblocks,0.476,a matching/equivalent mod id is already present in FactorMoon,https://www.curseforge.com/minecraft/mc-mods/globalpacks/files/6634585
already_present_or_equivalent,mods,www.curseforge.com,mc-mods,highlight,7330434,highlight,,,,a matching/equivalent mod id is already present in FactorMoon,https://www.curseforge.com/minecraft/mc-mods/highlight/files/7330434
already_present_or_equivalent,mods,www.curseforge.com,mc-mods,huge-structure-blocks,7065481,hugestructureblocks,pokeblocks,Pokeblocks,0.483,a matching/equivalent mod id is already present in FactorMoon,https://www.curseforge.com/minecraft/mc-mods/huge-structure-blocks/files/7065481
needs_download_and_metadata_check,mods,www.curseforge.com,mc-mods,krypton-fnp,7461802,krypton,,,,"verify loader, Minecraft 1.21.1, NeoForge metadata, and dependencies before copying to mods",https://www.curseforge.com/minecraft/mc-mods/krypton-fnp/files/7461802
already_present_or_equivalent,mods,www.curseforge.com,mc-mods,legendary-monuments-cobblemon,7095325,legendarymonuments,,,,a matching/equivalent mod id is already present in FactorMoon,https://www.curseforge.com/minecraft/mc-mods/legendary-monuments-cobblemon/files/7095325
already_present_or_equivalent,mods,modrinth.com,mod,lenientdeathforneoforge,1.1.2,lenientdeath,,,,a matching/equivalent mod id is already present in FactorMoon,https://modrinth.com/mod/lenientdeathforneoforge/version/1.1.2
already_present_or_equivalent,mods,modrinth.com,mod,libjf,3.17.6+forge,libjf,,,,a matching/equivalent mod id is already present in FactorMoon,https://modrinth.com/mod/libjf/version/3.17.6+forge
already_present_or_equivalent,mods,www.curseforge.com,mc-mods,lootrmon,7339627,lootrmon,lumymon,LumyMon,0.533,a matching/equivalent mod id is already present in FactorMoon,https://www.curseforge.com/minecraft/mc-mods/lootrmon/files/7339627
already_present_or_equivalent,mods,www.curseforge.com,mc-mods,cobblemon-mega-showdown,8102863,mega_showdown,cobblemonbattlepositions,Cobblemon Battle Positions,0.578,a matching/equivalent mod id is already present in FactorMoon,https://www.curseforge.com/minecraft/mc-mods/cobblemon-mega-showdown/files/8102863
needs_download_and_metadata_check,mods,www.curseforge.com,mc-mods,more-concrete,6359256,moarconcrete,,,,"verify loader, Minecraft 1.21.1, NeoForge metadata, and dependencies before copying to mods",https://www.curseforge.com/minecraft/mc-mods/more-concrete/files/6359256
needs_download_and_metadata_check,mods,www.curseforge.com,mc-mods,mod-menu-neoforge-edition,7312908,modmenu,,,,"verify loader, Minecraft 1.21.1, NeoForge metadata, and dependencies before copying to mods",https://www.curseforge.com/minecraft/mc-mods/mod-menu-neoforge-edition/files/7312908
already_present_or_equivalent,mods,www.curseforge.com,mc-mods,morecobblemontweaks,7593359,more_cobblemon_tweaks,cobblemon-fight-them-all,Cobblemon: Fight Them All,0.600,a matching/equivalent mod id is already present in FactorMoon,https://www.curseforge.com/minecraft/mc-mods/morecobblemontweaks/files/7593359
already_present_or_equivalent,mods,www.curseforge.com,mc-mods,music-notification,7918231,musicnotification,,,,a matching/equivalent mod id is already present in FactorMoon,https://www.curseforge.com/minecraft/mc-mods/music-notification/files/7918231
needs_download_and_metadata_check,mods,www.curseforge.com,mc-mods,betternether-neoforge,8194859,nethermap,,,,"verify loader, Minecraft 1.21.1, NeoForge metadata, and dependencies before copying to mods",https://www.curseforge.com/minecraft/mc-mods/betternether-neoforge/files/8194859
already_present_or_equivalent,mods,www.curseforge.com,mc-mods,not-enough-crashes-forge,6598103,notenoughcrashes,,,,a matching/equivalent mod id is already present in FactorMoon,https://www.curseforge.com/minecraft/mc-mods/not-enough-crashes-forge/files/6598103
already_present_or_equivalent,mods,www.curseforge.com,mc-mods,packet-fixer,7221528,packetfixer,respackopts,Resource Pack Options,0.455,a matching/equivalent mod id is already present in FactorMoon,https://www.curseforge.com/minecraft/mc-mods/packet-fixer/files/7221528
already_present_or_equivalent,mods,www.curseforge.com,mc-mods,forgedpaginatedadvancements,7127823,paginatedadvancements,,,,a matching/equivalent mod id is already present in FactorMoon,https://www.curseforge.com/minecraft/mc-mods/forgedpaginatedadvancements/files/7127823
already_present_or_equivalent,mods,www.curseforge.com,mc-mods,particle-rain,8055433,particlerain,,,,a matching/equivalent mod id is already present in FactorMoon,https://www.curseforge.com/minecraft/mc-mods/particle-rain/files/8055433
already_present_or_equivalent,mods,www.curseforge.com,mc-mods,particular-reforged,8161696,particular,,,,a matching/equivalent mod id is already present in FactorMoon,https://www.curseforge.com/minecraft/mc-mods/particular-reforged/files/8161696
needs_download_and_metadata_check,mods,www.curseforge.com,mc-mods,cobblemon-pasture-loot-neoforged,7772551,pastureloot,cobblemonbattlepositions,Cobblemon Battle Positions,0.528,"verify loader, Minecraft 1.21.1, NeoForge metadata, and dependencies before copying to mods",https://www.curseforge.com/minecraft/mc-mods/cobblemon-pasture-loot-neoforged/files/7772551
needs_download_and_metadata_check,mods,modrinth.com,mod,ping-wheel,Zrh2Fmn9,ping-wheel,,,,"verify loader, Minecraft 1.21.1, NeoForge metadata, and dependencies before copying to mods",https://modrinth.com/mod/ping-wheel/version/Zrh2Fmn9
already_present_or_equivalent,mods,www.curseforge.com,mc-mods,platform,8075942,platform,,,,a matching/equivalent mod id is already present in FactorMoon,https://www.curseforge.com/minecraft/mc-mods/platform/files/8075942
needs_download_and_metadata_check,mods,www.curseforge.com,mc-mods,cobblemon-playerxp,7886114,cobblemon_playerxp,cobblecuisine,CobbleCuisine,0.533,"verify loader, Minecraft 1.21.1, NeoForge metadata, and dependencies before copying to mods",https://www.curseforge.com/minecraft/mc-mods/cobblemon-playerxp/files/7886114
already_present_or_equivalent,mods,modrinth.com,mod,rctapi,0.15.2-beta,rctapi,interactic,Interactic,0.500,a matching/equivalent mod id is already present in FactorMoon,https://modrinth.com/mod/rctapi/version/0.15.2-beta
already_present_or_equivalent,mods,www.curseforge.com,mc-mods,rctmod,7913180,rctmod,,,,a matching/equivalent mod id is already present in FactorMoon,https://www.curseforge.com/minecraft/mc-mods/rctmod/files/7913180
already_present_or_equivalent,mods,www.curseforge.com,mc-mods,reeses-sodium-options,8141953,reeses_sodium_options,respackopts,Resource Pack Options,0.632,a matching/equivalent mod id is already present in FactorMoon,https://www.curseforge.com/minecraft/mc-mods/reeses-sodium-options/files/8141953
already_present_or_equivalent,mods,modrinth.com,mod,resource-pack-overrides,v21.1.0-1.21.1-NeoForge,resourcepackoverrides,respackopts,Resource Pack Options,0.750,a matching/equivalent mod id is already present in FactorMoon,https://modrinth.com/mod/resource-pack-overrides/version/v21.1.0-1.21.1-NeoForge
already_present_or_equivalent,mods,www.curseforge.com,mc-mods,roughly-enough-items,6199140,roughlyenoughitems,,,,a matching/equivalent mod id is already present in FactorMoon,https://www.curseforge.com/minecraft/mc-mods/roughly-enough-items/files/6199140
needs_download_and_metadata_check,mods,www.curseforge.com,mc-mods,cobblemon-safepastures,7248005,cobblesafepastures,cobblemonbattlepositions,Cobblemon Battle Positions,0.667,"verify loader, Minecraft 1.21.1, NeoForge metadata, and dependencies before copying to mods",https://www.curseforge.com/minecraft/mc-mods/cobblemon-safepastures/files/7248005
already_present_or_equivalent,mods,www.curseforge.com,mc-mods,simplehats,5970513,simplehats,respackopts,Resource Pack Options,0.476,a matching/equivalent mod id is already present in FactorMoon,https://www.curseforge.com/minecraft/mc-mods/simplehats/files/5970513
needs_download_and_metadata_check,mods,www.curseforge.com,mc-mods,smart-particles,7470043,smartparticles,,,,"verify loader, Minecraft 1.21.1, NeoForge metadata, and dependencies before copying to mods",https://www.curseforge.com/minecraft/mc-mods/smart-particles/files/7470043
already_present_or_equivalent,mods,www.curseforge.com,mc-mods,sodium-extra,8189182,sodium_extra,,,,a matching/equivalent mod id is already present in FactorMoon,https://www.curseforge.com/minecraft/mc-mods/sodium-extra/files/8189182
already_present_or_equivalent,mods,modrinth.com,mod,sound-physics-remastered,neoforge-1.21.1-1.5.1,sound_physics_remastered,,,,a matching/equivalent mod id is already present in FactorMoon,https://modrinth.com/mod/sound-physics-remastered/version/neoforge-1.21.1-1.5.1
needs_download_and_metadata_check,mods,www.curseforge.com,mc-mods,stardew-fishing,8070778,stardew_fishing_fabric,stackdeobfuscator,StackDeobfuscator,0.452,"verify loader, Minecraft 1.21.1, NeoForge metadata, and dependencies before copying to mods",https://www.curseforge.com/minecraft/mc-mods/stardew-fishing/files/8070778
already_present_or_equivalent,mods,www.curseforge.com,mc-mods,tectonic,7903156,tectonic,interactic,Interactic,0.667,a matching/equivalent mod id is already present in FactorMoon,https://www.curseforge.com/minecraft/mc-mods/tectonic/files/7903156
already_present_or_equivalent,mods,modrinth.com,mod,cobblemon-tim-core,1.8.0-neoforge-1.32.0-r1,tims_core,cobblemonbattlepositions,Cobblemon Battle Positions,0.600,a matching/equivalent mod id is already present in FactorMoon,https://modrinth.com/mod/cobblemon-tim-core/version/1.8.0-neoforge-1.32.0-r1
already_present_or_equivalent,mods,www.curseforge.com,mc-mods,cobblemon-tm-neoforge,7257566,cobblemon_tms,cobblemon-fight-them-all,Cobblemon: Fight Them All,0.550,a matching/equivalent mod id is already present in FactorMoon,https://www.curseforge.com/minecraft/mc-mods/cobblemon-tm-neoforge/files/7257566
already_present_or_equivalent,mods,www.curseforge.com,mc-mods,better-tooltips-neoforge,6372309,better_tooltips,,,,a matching/equivalent mod id is already present in FactorMoon,https://www.curseforge.com/minecraft/mc-mods/better-tooltips-neoforge/files/6372309
already_present_or_equivalent,mods,www.curseforge.com,mc-mods,trinkets-updated,8187944,trinkets,,,,a matching/equivalent mod id is already present in FactorMoon,https://www.curseforge.com/minecraft/mc-mods/trinkets-updated/files/8187944
already_present_or_equivalent,mods,www.curseforge.com,mc-mods,vanillabackport,8194329,vanillabackport,,,,a matching/equivalent mod id is already present in FactorMoon,https://www.curseforge.com/minecraft/mc-mods/vanillabackport/files/8194329
already_present_or_equivalent,mods,modrinth.com,mod,villagerconfig,neoforge-4.5.3+1.21.1,villagerconfig,,,,a matching/equivalent mod id is already present in FactorMoon,https://modrinth.com/mod/villagerconfig/version/neoforge-4.5.3+1.21.1
needs_download_and_metadata_check,mods,www.curseforge.com,mc-mods,navas-za-megas,7961237,navas_zas,,,,"verify loader, Minecraft 1.21.1, NeoForge metadata, and dependencies before copying to mods",https://www.curseforge.com/minecraft/mc-mods/navas-za-megas/files/7961237
already_present_or_equivalent,mods,www.curseforge.com,mc-mods,just-zoom,6290230,justzoom,,,,a matching/equivalent mod id is already present in FactorMoon,https://www.curseforge.com/minecraft/mc-mods/just-zoom/files/6290230
skip_forbidden_by_user,skip,user_note,mod,immersive-aircraft,,,,,,user explicitly said not to install this,
skip_forbidden_by_user,skip,user_note,mod,infinite-music,,,,,,user explicitly said not to install this,
skip_forbidden_by_user,skip,user_note,mod,niftycarts,,,,,,user explicitly said not to install this,
skip_forbidden_by_user,skip,user_note,mod,small-ships,,,,,,user explicitly said not to install this,
skip_forbidden_by_user,skip,user_note,mod,small-ships-mod,,,,,,user explicitly said not to install this,
